edge_id,chain,hop,layer,kind,src_module,src_offset,src_name,src_insn,dst_module,dst_offset,dst_name,resolved_by,confidence,evidence,source,note
E0007,CH-08,0,L1,declares_native,classes.dex,,Lcom/snake/helper/Native;,ACC_NATIVE method declaration,classes.dex,,Lcom/snake/helper/Native;->ac(Ljava/lang/Object;Ljava/lang/Object;)V,dex method_ids access flags,proven,expected static export Java_com_snake_helper_Native_ac is exported by NOBODY -> must be bound via RegisterNatives,fragments/F2_dex_natives.txt,
E0008,CH-08,0,L1,declares_native,classes.dex,,Lcom/snake/helper/Native;,ACC_NATIVE method declaration,classes.dex,,Lcom/snake/helper/Native;->aior(Ljava/lang/String;Ljava/lang/String;)V,dex method_ids access flags,proven,expected static export Java_com_snake_helper_Native_aior is exported by NOBODY -> must be bound via RegisterNatives,fragments/F2_dex_natives.txt,
E0009,CH-08,0,L1,declares_native,classes.dex,,Lcom/snake/helper/Native;,ACC_NATIVE method declaration,classes.dex,,Lcom/snake/helper/Native;->awl(Ljava/lang/String;)V,dex method_ids access flags,proven,expected static export Java_com_snake_helper_Native_awl is exported by NOBODY -> must be bound via RegisterNatives,fragments/F2_dex_natives.txt,
E0010,CH-08,0,L1,declares_native,classes.dex,,Lcom/snake/helper/Native;,ACC_NATIVE method declaration,classes.dex,,Lcom/snake/helper/Native;->chl([B)Z,dex method_ids access flags,proven,expected static export Java_com_snake_helper_Native_chl is exported by NOBODY -> must be bound via RegisterNatives,fragments/F2_dex_natives.txt,
E0011,CH-08,0,L1,declares_native,classes.dex,,Lcom/snake/helper/Native;,ACC_NATIVE method declaration,classes.dex,,Lcom/snake/helper/Native;->djp(I)[B,dex method_ids access flags,proven,expected static export Java_com_snake_helper_Native_djp is exported by NOBODY -> must be bound via RegisterNatives,fragments/F2_dex_natives.txt,
E0012,CH-08,0,L1,declares_native,classes.dex,,Lcom/snake/helper/Native;,ACC_NATIVE method declaration,classes.dex,,Lcom/snake/helper/Native;->eio()V,dex method_ids access flags,proven,expected static export Java_com_snake_helper_Native_eio is exported by NOBODY -> must be bound via RegisterNatives,fragments/F2_dex_natives.txt,
E0013,CH-08,0,L1,declares_native,classes.dex,,Lcom/snake/helper/Native;,ACC_NATIVE method declaration,classes.dex,,Lcom/snake/helper/Native;->i(I)V,dex method_ids access flags,proven,expected static export Java_com_snake_helper_Native_i is exported by NOBODY -> must be bound via RegisterNatives,fragments/F2_dex_natives.txt,
E0014,CH-08,0,L1,declares_native,classes.dex,,Lcom/snake/helper/Native;,ACC_NATIVE method declaration,classes.dex,,Lcom/snake/helper/Native;->ic(Landroid/content/Context;)V,dex method_ids access flags,proven,expected static export Java_com_snake_helper_Native_ic is exported by NOBODY -> must be bound via RegisterNatives,fragments/F2_dex_natives.txt,
E0015,CH-08,0,L1,declares_native,classes.dex,,Lcom/snake/helper/Native;,ACC_NATIVE method declaration,classes.dex,,Lcom/snake/helper/Native;->ilil(I)Ljava/lang/String;,dex method_ids access flags,proven,expected static export Java_com_snake_helper_Native_ilil is exported by NOBODY -> must be bound via RegisterNatives,fragments/F2_dex_natives.txt,
E0016,CH-08,0,L1,declares_native,classes.dex,,Lcom/snake/helper/Native;,ACC_NATIVE method declaration,classes.dex,,Lcom/snake/helper/Native;->pjowqpxe(Ljava/lang/Object;Ljava/lang/Object;Ljava/lang/Object;)V,dex method_ids access flags,proven,expected static export Java_com_snake_helper_Native_pjowqpxe is exported by NOBODY -> must be bound via RegisterNatives,fragments/F2_dex_natives.txt,
E0017,CH-08,0,L1,declares_native,classes.dex,,Lcom/snake/helper/Native;,ACC_NATIVE method declaration,classes.dex,,Lcom/snake/helper/Native;->update(Ljava/lang/Object;Ljava/lang/reflect/Method;)V,dex method_ids access flags,proven,expected static export Java_com_snake_helper_Native_update is exported by NOBODY -> must be bound via RegisterNatives,fragments/F2_dex_natives.txt,
E0018,CH-08,0,L1,declares_native,classes.dex,,Lcom/snake/helper/flagger;,ACC_NATIVE method declaration,classes.dex,,Lcom/snake/helper/flagger;->na()V,dex method_ids access flags,proven,expected static export Java_com_snake_helper_flagger_na is exported by NOBODY -> must be bound via RegisterNatives,fragments/F2_dex_natives.txt,
E0019,CH-08,0,L1,declares_native,classes.dex,,Lcom/snake/helper/flagger;,ACC_NATIVE method declaration,classes.dex,,Lcom/snake/helper/flagger;->nb()V,dex method_ids access flags,proven,expected static export Java_com_snake_helper_flagger_nb is exported by NOBODY -> must be bound via RegisterNatives,fragments/F2_dex_natives.txt,
E0020,CH-08,1,L1,invokes_native_class,classes.dex,0xed930,Landroidx/appcompat/view/menu/b8;->callActivityOnResume(Landroid/app/Activity;)V,invoke-* (the invoked member is not recorded per site in F2),classes.dex,,Lcom/snake/helper/Native;,dex code-item scan (F2),proven,"F2 lists this invoke offset under 'Lcom/snake/helper/Native;: N distinct caller method(s)'; the class names are obfuscated into androidx.appcompat.view.menu.*, so the offset is the reliable half of the evidence",fragments/F2_dex_natives.txt,
E0024,CH-08,2,L1,invokes_native_class,classes.dex,0x14324e,Landroidx/appcompat/view/menu/vx;->b(Ljava/lang/String;JZ)V,invoke-* (the invoked member is not recorded per site in F2),classes.dex,,Lcom/snake/helper/Native;,dex code-item scan (F2),proven,"F2 lists this invoke offset under 'Lcom/snake/helper/Native;: N distinct caller method(s)'; the class names are obfuscated into androidx.appcompat.view.menu.*, so the offset is the reliable half of the evidence",fragments/F2_dex_natives.txt,
E0025,CH-08,3,L1,invokes_native_class,classes.dex,0x143344,Landroidx/appcompat/view/menu/vx;->c(JILjava/lang/String;Ljava/lang/String;Ljava/lang/String;Z)V,invoke-* (the invoked member is not recorded per site in F2),classes.dex,,Lcom/snake/helper/Native;,dex code-item scan (F2),proven,"F2 lists this invoke offset under 'Lcom/snake/helper/Native;: N distinct caller method(s)'; the class names are obfuscated into androidx.appcompat.view.menu.*, so the offset is the reliable half of the evidence",fragments/F2_dex_natives.txt,
E0026,CH-08,4,L1,invokes_native_class,classes.dex,0x14335c,Landroidx/appcompat/view/menu/vx;->c(JILjava/lang/String;Ljava/lang/String;Ljava/lang/String;Z)V,invoke-* (the invoked member is not recorded per site in F2),classes.dex,,Lcom/snake/helper/Native;,dex code-item scan (F2),proven,"F2 lists this invoke offset under 'Lcom/snake/helper/Native;: N distinct caller method(s)'; the class names are obfuscated into androidx.appcompat.view.menu.*, so the offset is the reliable half of the evidence",fragments/F2_dex_natives.txt,
E0027,CH-08,5,L1,invokes_native_class,classes.dex,0x14339e,Landroidx/appcompat/view/menu/vx;->c(JILjava/lang/String;Ljava/lang/String;Ljava/lang/String;Z)V,invoke-* (the invoked member is not recorded per site in F2),classes.dex,,Lcom/snake/helper/Native;,dex code-item scan (F2),proven,"F2 lists this invoke offset under 'Lcom/snake/helper/Native;: N distinct caller method(s)'; the class names are obfuscated into androidx.appcompat.view.menu.*, so the offset is the reliable half of the evidence",fragments/F2_dex_natives.txt,
E0028,CH-08,6,L1,invokes_native_class,classes.dex,0x1433f2,Landroidx/appcompat/view/menu/vx;->c(JILjava/lang/String;Ljava/lang/String;Ljava/lang/String;Z)V,invoke-* (the invoked member is not recorded per site in F2),classes.dex,,Lcom/snake/helper/Native;,dex code-item scan (F2),proven,"F2 lists this invoke offset under 'Lcom/snake/helper/Native;: N distinct caller method(s)'; the class names are obfuscated into androidx.appcompat.view.menu.*, so the offset is the reliable half of the evidence",fragments/F2_dex_natives.txt,
E0029,CH-08,7,L1,invokes_native_class,classes.dex,0x14348e,Landroidx/appcompat/view/menu/vx;->f(Landroid/app/Activity;Ljava/lang/String;IJZ)V,invoke-* (the invoked member is not recorded per site in F2),classes.dex,,Lcom/snake/helper/Native;,dex code-item scan (F2),proven,"F2 lists this invoke offset under 'Lcom/snake/helper/Native;: N distinct caller method(s)'; the class names are obfuscated into androidx.appcompat.view.menu.*, so the offset is the reliable half of the evidence",fragments/F2_dex_natives.txt,
E0030,CH-08,8,L1,invokes_native_class,classes.dex,0x14349c,Landroidx/appcompat/view/menu/vx;->f(Landroid/app/Activity;Ljava/lang/String;IJZ)V,invoke-* (the invoked member is not recorded per site in F2),classes.dex,,Lcom/snake/helper/Native;,dex code-item scan (F2),proven,"F2 lists this invoke offset under 'Lcom/snake/helper/Native;: N distinct caller method(s)'; the class names are obfuscated into androidx.appcompat.view.menu.*, so the offset is the reliable half of the evidence",fragments/F2_dex_natives.txt,
E0033,CH-08,9,L1,invokes_native_class,classes.dex,0x1573c4,Landroidx/appcompat/view/menu/z10;->a(Ljava/lang/String;)V,invoke-* (the invoked member is not recorded per site in F2),classes.dex,,Lcom/snake/helper/Native;,dex code-item scan (F2),proven,"F2 lists this invoke offset under 'Lcom/snake/helper/Native;: N distinct caller method(s)'; the class names are obfuscated into androidx.appcompat.view.menu.*, so the offset is the reliable half of the evidence",fragments/F2_dex_natives.txt,
E0034,CH-08,10,L1,invokes_native_class,classes.dex,0x157436,Landroidx/appcompat/view/menu/z10;->b(Ljava/lang/String;Ljava/lang/String;)V,invoke-* (the invoked member is not recorded per site in F2),classes.dex,,Lcom/snake/helper/Native;,dex code-item scan (F2),proven,"F2 lists this invoke offset under 'Lcom/snake/helper/Native;: N distinct caller method(s)'; the class names are obfuscated into androidx.appcompat.view.menu.*, so the offset is the reliable half of the evidence",fragments/F2_dex_natives.txt,
E0035,CH-08,11,L1,invokes_native_class,classes.dex,0x157930,Landroidx/appcompat/view/menu/z10;->c(Landroid/content/Context;)V,invoke-* (the invoked member is not recorded per site in F2),classes.dex,,Lcom/snake/helper/Native;,dex code-item scan (F2),proven,"F2 lists this invoke offset under 'Lcom/snake/helper/Native;: N distinct caller method(s)'; the class names are obfuscated into androidx.appcompat.view.menu.*, so the offset is the reliable half of the evidence",fragments/F2_dex_natives.txt,
E0023,CH-08,12,L1,invokes_native_class,classes.dex,0x1626fc,Landroidx/appcompat/view/menu/p60;->uncaughtException(Ljava/lang/Thread;Ljava/lang/Throwable;)V,invoke-* (the invoked member is not recorded per site in F2),classes.dex,,Lcom/snake/helper/Native;,dex code-item scan (F2),proven,"F2 lists this invoke offset under 'Lcom/snake/helper/Native;: N distinct caller method(s)'; the class names are obfuscated into androidx.appcompat.view.menu.*, so the offset is the reliable half of the evidence",fragments/F2_dex_natives.txt,
E0022,CH-08,13,L1,invokes_native_class,classes.dex,0x17f438,Landroidx/appcompat/view/menu/ne0;->run()V,invoke-* (the invoked member is not recorded per site in F2),classes.dex,,Lcom/snake/helper/Native;,dex code-item scan (F2),proven,"F2 lists this invoke offset under 'Lcom/snake/helper/Native;: N distinct caller method(s)'; the class names are obfuscated into androidx.appcompat.view.menu.*, so the offset is the reliable half of the evidence",fragments/F2_dex_natives.txt,
E0021,CH-08,14,L1,invokes_native_class,classes.dex,0x1b06d0,Landroidx/appcompat/view/menu/jv0;->O2(Ljava/lang/String;Ljava/lang/String;)V,invoke-* (the invoked member is not recorded per site in F2),classes.dex,,Lcom/snake/helper/Native;,dex code-item scan (F2),proven,"F2 lists this invoke offset under 'Lcom/snake/helper/Native;: N distinct caller method(s)'; the class names are obfuscated into androidx.appcompat.view.menu.*, so the offset is the reliable half of the evidence",fragments/F2_dex_natives.txt,
E0031,CH-08,15,L1,invokes_native_class,classes.dex,0x1b3598,Landroidx/appcompat/view/menu/yu0;->f(Landroid/content/Context;Landroidx/appcompat/view/menu/wb;)V,invoke-* (the invoked member is not recorded per site in F2),classes.dex,,Lcom/snake/helper/Native;,dex code-item scan (F2),proven,"F2 lists this invoke offset under 'Lcom/snake/helper/Native;: N distinct caller method(s)'; the class names are obfuscated into androidx.appcompat.view.menu.*, so the offset is the reliable half of the evidence",fragments/F2_dex_natives.txt,
E0032,CH-08,16,L1,invokes_native_class,classes.dex,0x1b35d6,Landroidx/appcompat/view/menu/yu0;->f(Landroid/content/Context;Landroidx/appcompat/view/menu/wb;)V,invoke-* (the invoked member is not recorded per site in F2),classes.dex,,Lcom/snake/helper/Native;,dex code-item scan (F2),proven,"F2 lists this invoke offset under 'Lcom/snake/helper/Native;: N distinct caller method(s)'; the class names are obfuscated into androidx.appcompat.view.menu.*, so the offset is the reliable half of the evidence",fragments/F2_dex_natives.txt,
E0036,CH-08,17,L1,invokes_native_class,classes.dex,0x292228,Lcom/Entry;->C(Landroidx/appcompat/view/menu/id0;Landroidx/appcompat/view/menu/kd0$d;)V,invoke-* (the invoked member is not recorded per site in F2),classes.dex,,Lcom/snake/helper/Native;,dex code-item scan (F2),proven,"F2 lists this invoke offset under 'Lcom/snake/helper/Native;: N distinct caller method(s)'; the class names are obfuscated into androidx.appcompat.view.menu.*, so the offset is the reliable half of the evidence",fragments/F2_dex_natives.txt,
E0001,CH-01,1,L1,invokes_loader,classes.dex,0x2b6c2e,Lcom/snake/App;-><clinit>()V,"invoke-static {...}, Ljava/lang/System;->loadLibrary(Ljava/lang/String;)V",android-runtime,,"java.lang.System.loadLibrary(""engine"")",library name from fill-array-data+String([B),proven,"fill-array-data instruction at file 0x2b6c22 points to the payload at 0x2b6c38 (ident=0x0300, element_width=1, size=6); the 6 bytes at 0x2b6c40 are 656e67696e65 = 'engine'",fragments/F2_dex_natives.txt + fragments.json:dex.loader_call_sites,
E0003,CH-01,2,L1,invokes_loader,classes.dex,0x2b6c40,Lcom/snake/App;-><clinit>()V,fill-array-data payload = 656e67696e65,classes.dex,,"string literal ""engine"" built at run time",payload bytes decoded as ASCII,proven,"fill-array-data instruction at file 0x2b6c22 points to the payload at 0x2b6c38 (ident=0x0300, element_width=1, size=6); the 6 bytes at 0x2b6c40 are 656e67696e65 = 'engine'",fragments.json:dex.loader_call_sites,the name never appears in the dex string pool
E0037,CH-08,18,L1,invokes_native_class,classes.dex,0x2b911c,Lcom/snake/helper/Native;->a(Landroid/app/Activity;Ljava/lang/String;IJZ)V,invoke-* (the invoked member is not recorded per site in F2),classes.dex,,Lcom/snake/helper/Native;,dex code-item scan (F2),proven,"F2 lists this invoke offset under 'Lcom/snake/helper/Native;: N distinct caller method(s)'; the class names are obfuscated into androidx.appcompat.view.menu.*, so the offset is the reliable half of the evidence",fragments/F2_dex_natives.txt,
E0038,CH-08,19,L1,invokes_native_class,classes.dex,0x2b914e,Lcom/snake/helper/Native;->logIn(Ljava/lang/String;J)V,invoke-* (the invoked member is not recorded per site in F2),classes.dex,,Lcom/snake/helper/Native;,dex code-item scan (F2),proven,"F2 lists this invoke offset under 'Lcom/snake/helper/Native;: N distinct caller method(s)'; the class names are obfuscated into androidx.appcompat.view.menu.*, so the offset is the reliable half of the evidence",fragments/F2_dex_natives.txt,
E0006,CH-09,0,L1,invokes_loader,classes.dex,0x2bafd6,Lio/flutter/embedding/engine/FlutterJNI;->loadLibrary()V,fill-array-data payload = ,classes.dex,,"string literal ""flutter"" built at run time",payload bytes decoded as ASCII,proven,"const-string ""flutter"" at file 0x2bafd6 in Lio/flutter/embedding/engine/FlutterJNI;->loadLibrary()V",fragments.json:dex.loader_call_sites,the name never appears in the dex string pool
E0004,CH-09,1,L1,invokes_loader,classes.dex,0x2bafda,Lio/flutter/embedding/engine/FlutterJNI;->loadLibrary()V,"invoke-static {...}, Ljava/lang/System;->loadLibrary(Ljava/lang/String;)V",android-runtime,,"java.lang.System.loadLibrary(""flutter"")",library name from const-string,proven,"const-string ""flutter"" at file 0x2bafd6 in Lio/flutter/embedding/engine/FlutterJNI;->loadLibrary()V",fragments/F2_dex_natives.txt + fragments.json:dex.loader_call_sites,
E0039,CH-08,20,L1,invokes_native_class,classes.dex,0x38e7ec,Lio/flutter/view/TextureRegistry$SurfaceTextureEntry;->setOnTrimMemoryListener(Lio/flutter/view/TextureRegistry$b;)V,invoke-* (the invoked member is not recorded per site in F2),classes.dex,,Lcom/snake/helper/Native;,dex code-item scan (F2),proven,"F2 lists this invoke offset under 'Lcom/snake/helper/Native;: N distinct caller method(s)'; the class names are obfuscated into androidx.appcompat.view.menu.*, so the offset is the reliable half of the evidence",fragments/F2_dex_natives.txt,
E0084,CH-03,5,L2,calls_entry_point,android-runtime,,linker (dlopen of libengine.so),call DT_INIT/JNI_OnLoad after the .init_array runs,libengine.so,0xf3fa0,JNI_OnLoad,.dynsym STT_FUNC export,proven,"F4: exports 17 defined dynamic symbols, 0 of them Java_*; JNI_OnLoad @0xf3fa0. Ghidra independently places it at 0x1f3fa0 = 0xf3fa0 + 0x100000",fragments/F4_libengine_jni.txt,
E0131,CH-06,2,L2,calls_entry_point,android-runtime,,ART (a Java caller of Lcom/snake/helper/Native;->update),call through the fnPtr registered by RegisterNatives,libengine.so,0x81eeb0,.mytext fnPtr 0x81eeb0 (decodes as 'ret'; the body starts at 0x81eeb4),the only statically recovered fnPtr of the 13 registrations,strong,"F4: site @0xb40a8 entry[1].fnPtr = 0x81eeb0 in .mytext; the instruction at 0x81eeb0 decodes as `ret` and 0x81eeb4 opens a real prologue (`stp x29, x30, [sp, #-0x20]!`), so the pointer as published returns immediately - see the gap list",fragments/F4b_libengine_mytext.asm,
E0002,CH-01,3,L2,loads_library,android-runtime,,"System.loadLibrary(""engine"")",dlopen,libengine.so,,lib/arm64-v8a/libengine.so,SONAME of the committed library,proven,"APK member lib/arm64-v8a/libengine.so == repo copy binaries/libengine.so (sha256 f5d751e6bde8f059..., 8,544,568 bytes, match=True)",fragments/F1_apk_inventory.txt,
E0005,CH-09,2,L2,loads_library,android-runtime,,"System.loadLibrary(""flutter"")",dlopen,libflutter.so,,lib/arm64-v8a/libflutter.so,SONAME of the committed library,proven,"APK member lib/arm64-v8a/libflutter.so == repo copy flutter_libs/libflutter.so (sha256 0baa710d6b7f7de2..., 10,714,752 bytes, match=True)",fragments/F1_apk_inventory.txt,
E0040,CH-02,4,L2,loader_init_call,libengine.so,0x825c78,.init_array[0],R_AARCH64_RELATIVE addend (the slot holds no file bytes),libengine.so,0x11ab10,"_INIT_0 (.text, prologue e80f19fcfd7b01a9...)",.rela.dyn addend; Ghidra's 02_init_array_entries.txt agrees on all 44 after rebasing -0x100000,proven,"slot 0x825c78 -> 0x11ab10 in .text, value_from=reloc",fragments.json:libengine.init_array,
E0041,CH-02,2,L2,loader_init_call,libengine.so,0x825c80,.init_array[1],R_AARCH64_RELATIVE addend (the slot holds no file bytes),libengine.so,0x147dec,"_INIT_1 (.text, prologue e80f19fcfd7b01a9...)",.rela.dyn addend; Ghidra's 02_init_array_entries.txt agrees on all 44 after rebasing -0x100000,proven,"slot 0x825c80 -> 0x147dec in .text, value_from=reloc",fragments.json:libengine.init_array,
E0042,CH-02,3,L2,loader_init_call,libengine.so,0x825c88,.init_array[2],R_AARCH64_RELATIVE addend (the slot holds no file bytes),libengine.so,0x1750d8,"_INIT_2 (.text, prologue e80f19fcfd7b01a9...)",.rela.dyn addend; Ghidra's 02_init_array_entries.txt agrees on all 44 after rebasing -0x100000,proven,"slot 0x825c88 -> 0x1750d8 in .text, value_from=reloc",fragments.json:libengine.init_array,
E0043,CH-02,4,L2,loader_init_call,libengine.so,0x825c90,.init_array[3],R_AARCH64_RELATIVE addend (the slot holds no file bytes),libengine.so,0x1a23c4,"_INIT_3 (.text, prologue e80f19fcfd7b01a9...)",.rela.dyn addend; Ghidra's 02_init_array_entries.txt agrees on all 44 after rebasing -0x100000,proven,"slot 0x825c90 -> 0x1a23c4 in .text, value_from=reloc",fragments.json:libengine.init_array,
E0044,CH-02,5,L2,loader_init_call,libengine.so,0x825c98,.init_array[4],R_AARCH64_RELATIVE addend (the slot holds no file bytes),libengine.so,0x1cf6b0,"_INIT_4 (.text, prologue e80f19fcfd7b01a9...)",.rela.dyn addend; Ghidra's 02_init_array_entries.txt agrees on all 44 after rebasing -0x100000,proven,"slot 0x825c98 -> 0x1cf6b0 in .text, value_from=reloc",fragments.json:libengine.init_array,
E0045,CH-02,6,L2,loader_init_call,libengine.so,0x825ca0,.init_array[5],R_AARCH64_RELATIVE addend (the slot holds no file bytes),libengine.so,0x1fc99c,"_INIT_5 (.text, prologue e80f19fcfd7b01a9...)",.rela.dyn addend; Ghidra's 02_init_array_entries.txt agrees on all 44 after rebasing -0x100000,proven,"slot 0x825ca0 -> 0x1fc99c in .text, value_from=reloc",fragments.json:libengine.init_array,
E0046,CH-02,7,L2,loader_init_call,libengine.so,0x825ca8,.init_array[6],R_AARCH64_RELATIVE addend (the slot holds no file bytes),libengine.so,0x229c88,"_INIT_6 (.text, prologue e80f19fcfd7b01a9...)",.rela.dyn addend; Ghidra's 02_init_array_entries.txt agrees on all 44 after rebasing -0x100000,proven,"slot 0x825ca8 -> 0x229c88 in .text, value_from=reloc",fragments.json:libengine.init_array,
E0047,CH-02,8,L2,loader_init_call,libengine.so,0x825cb0,.init_array[7],R_AARCH64_RELATIVE addend (the slot holds no file bytes),libengine.so,0x256f74,"_INIT_7 (.text, prologue e80f19fcfd7b01a9...)",.rela.dyn addend; Ghidra's 02_init_array_entries.txt agrees on all 44 after rebasing -0x100000,proven,"slot 0x825cb0 -> 0x256f74 in .text, value_from=reloc",fragments.json:libengine.init_array,
E0048,CH-02,9,L2,loader_init_call,libengine.so,0x825cb8,.init_array[8],R_AARCH64_RELATIVE addend (the slot holds no file bytes),libengine.so,0x284260,"_INIT_8 (.text, prologue e80f19fcfd7b01a9...)",.rela.dyn addend; Ghidra's 02_init_array_entries.txt agrees on all 44 after rebasing -0x100000,proven,"slot 0x825cb8 -> 0x284260 in .text, value_from=reloc",fragments.json:libengine.init_array,
E0049,CH-02,10,L2,loader_init_call,libengine.so,0x825cc0,.init_array[9],R_AARCH64_RELATIVE addend (the slot holds no file bytes),libengine.so,0x2b154c,"_INIT_9 (.text, prologue e80f19fcfd7b01a9...)",.rela.dyn addend; Ghidra's 02_init_array_entries.txt agrees on all 44 after rebasing -0x100000,proven,"slot 0x825cc0 -> 0x2b154c in .text, value_from=reloc",fragments.json:libengine.init_array,
E0050,CH-02,11,L2,loader_init_call,libengine.so,0x825cc8,.init_array[10],R_AARCH64_RELATIVE addend (the slot holds no file bytes),libengine.so,0x2de838,"_INIT_10 (.text, prologue e80f19fcfd7b01a9...)",.rela.dyn addend; Ghidra's 02_init_array_entries.txt agrees on all 44 after rebasing -0x100000,proven,"slot 0x825cc8 -> 0x2de838 in .text, value_from=reloc",fragments.json:libengine.init_array,
E0051,CH-02,12,L2,loader_init_call,libengine.so,0x825cd0,.init_array[11],R_AARCH64_RELATIVE addend (the slot holds no file bytes),libengine.so,0x30bb24,"_INIT_11 (.text, prologue e80f19fcfd7b01a9...)",.rela.dyn addend; Ghidra's 02_init_array_entries.txt agrees on all 44 after rebasing -0x100000,proven,"slot 0x825cd0 -> 0x30bb24 in .text, value_from=reloc",fragments.json:libengine.init_array,
E0052,CH-02,13,L2,loader_init_call,libengine.so,0x825cd8,.init_array[12],R_AARCH64_RELATIVE addend (the slot holds no file bytes),libengine.so,0x338e10,"_INIT_12 (.text, prologue e80f19fcfd7b01a9...)",.rela.dyn addend; Ghidra's 02_init_array_entries.txt agrees on all 44 after rebasing -0x100000,proven,"slot 0x825cd8 -> 0x338e10 in .text, value_from=reloc",fragments.json:libengine.init_array,
E0053,CH-02,14,L2,loader_init_call,libengine.so,0x825ce0,.init_array[13],R_AARCH64_RELATIVE addend (the slot holds no file bytes),libengine.so,0x3660ec,"_INIT_13 (.text, prologue e80f19fcfd7b01a9...)",.rela.dyn addend; Ghidra's 02_init_array_entries.txt agrees on all 44 after rebasing -0x100000,proven,"slot 0x825ce0 -> 0x3660ec in .text, value_from=reloc",fragments.json:libengine.init_array,
E0054,CH-02,15,L2,loader_init_call,libengine.so,0x825ce8,.init_array[14],R_AARCH64_RELATIVE addend (the slot holds no file bytes),libengine.so,0x3933b8,"_INIT_14 (.text, prologue e80f19fcfd7b01a9...)",.rela.dyn addend; Ghidra's 02_init_array_entries.txt agrees on all 44 after rebasing -0x100000,proven,"slot 0x825ce8 -> 0x3933b8 in .text, value_from=reloc",fragments.json:libengine.init_array,
E0055,CH-02,16,L2,loader_init_call,libengine.so,0x825cf0,.init_array[15],R_AARCH64_RELATIVE addend (the slot holds no file bytes),libengine.so,0x3c06a4,"_INIT_15 (.text, prologue e80f19fcfd7b01a9...)",.rela.dyn addend; Ghidra's 02_init_array_entries.txt agrees on all 44 after rebasing -0x100000,proven,"slot 0x825cf0 -> 0x3c06a4 in .text, value_from=reloc",fragments.json:libengine.init_array,
E0056,CH-02,17,L2,loader_init_call,libengine.so,0x825cf8,.init_array[16],R_AARCH64_RELATIVE addend (the slot holds no file bytes),libengine.so,0x3ed990,"_INIT_16 (.text, prologue e80f19fcfd7b01a9...)",.rela.dyn addend; Ghidra's 02_init_array_entries.txt agrees on all 44 after rebasing -0x100000,proven,"slot 0x825cf8 -> 0x3ed990 in .text, value_from=reloc",fragments.json:libengine.init_array,
E0057,CH-02,18,L2,loader_init_call,libengine.so,0x825d00,.init_array[17],R_AARCH64_RELATIVE addend (the slot holds no file bytes),libengine.so,0x41ac7c,"_INIT_17 (.text, prologue e80f19fcfd7b01a9...)",.rela.dyn addend; Ghidra's 02_init_array_entries.txt agrees on all 44 after rebasing -0x100000,proven,"slot 0x825d00 -> 0x41ac7c in .text, value_from=reloc",fragments.json:libengine.init_array,
E0058,CH-02,19,L2,loader_init_call,libengine.so,0x825d08,.init_array[18],R_AARCH64_RELATIVE addend (the slot holds no file bytes),libengine.so,0xf8098,"_INIT_18 (.text, prologue e80f19fcfd7b01a9...)",.rela.dyn addend; Ghidra's 02_init_array_entries.txt agrees on all 44 after rebasing -0x100000,proven,"slot 0x825d08 -> 0xf8098 in .text, value_from=reloc",fragments.json:libengine.init_array,
E0059,CH-02,20,L2,loader_init_call,libengine.so,0x825d10,.init_array[19],R_AARCH64_RELATIVE addend (the slot holds no file bytes),libengine.so,0x447f68,"_INIT_19 (.text, prologue e80f19fcfd7b01a9...)",.rela.dyn addend; Ghidra's 02_init_array_entries.txt agrees on all 44 after rebasing -0x100000,proven,"slot 0x825d10 -> 0x447f68 in .text, value_from=reloc",fragments.json:libengine.init_array,
E0060,CH-02,21,L2,loader_init_call,libengine.so,0x825d18,.init_array[20],R_AARCH64_RELATIVE addend (the slot holds no file bytes),libengine.so,0x475254,"_INIT_20 (.text, prologue e80f19fcfd7b01a9...)",.rela.dyn addend; Ghidra's 02_init_array_entries.txt agrees on all 44 after rebasing -0x100000,proven,"slot 0x825d18 -> 0x475254 in .text, value_from=reloc",fragments.json:libengine.init_array,
E0061,CH-02,22,L2,loader_init_call,libengine.so,0x825d20,.init_array[21],R_AARCH64_RELATIVE addend (the slot holds no file bytes),libengine.so,0x4a2540,"_INIT_21 (.text, prologue e80f19fcfd7b01a9...)",.rela.dyn addend; Ghidra's 02_init_array_entries.txt agrees on all 44 after rebasing -0x100000,proven,"slot 0x825d20 -> 0x4a2540 in .text, value_from=reloc",fragments.json:libengine.init_array,
E0062,CH-02,23,L2,loader_init_call,libengine.so,0x825d28,.init_array[22],R_AARCH64_RELATIVE addend (the slot holds no file bytes),libengine.so,0x4cf82c,"_INIT_22 (.text, prologue e80f19fcfd7b01a9...)",.rela.dyn addend; Ghidra's 02_init_array_entries.txt agrees on all 44 after rebasing -0x100000,proven,"slot 0x825d28 -> 0x4cf82c in .text, value_from=reloc",fragments.json:libengine.init_array,
E0063,CH-02,24,L2,loader_init_call,libengine.so,0x825d30,.init_array[23],R_AARCH64_RELATIVE addend (the slot holds no file bytes),libengine.so,0x4fcb18,"_INIT_23 (.text, prologue e80f19fcfd7b01a9...)",.rela.dyn addend; Ghidra's 02_init_array_entries.txt agrees on all 44 after rebasing -0x100000,proven,"slot 0x825d30 -> 0x4fcb18 in .text, value_from=reloc",fragments.json:libengine.init_array,
E0064,CH-02,25,L2,loader_init_call,libengine.so,0x825d38,.init_array[24],R_AARCH64_RELATIVE addend (the slot holds no file bytes),libengine.so,0x529e04,"_INIT_24 (.text, prologue e80f19fcfd7b01a9...)",.rela.dyn addend; Ghidra's 02_init_array_entries.txt agrees on all 44 after rebasing -0x100000,proven,"slot 0x825d38 -> 0x529e04 in .text, value_from=reloc",fragments.json:libengine.init_array,
E0065,CH-02,26,L2,loader_init_call,libengine.so,0x825d40,.init_array[25],R_AARCH64_RELATIVE addend (the slot holds no file bytes),libengine.so,0x5570f0,"_INIT_25 (.text, prologue e80f19fcfd7b01a9...)",.rela.dyn addend; Ghidra's 02_init_array_entries.txt agrees on all 44 after rebasing -0x100000,proven,"slot 0x825d40 -> 0x5570f0 in .text, value_from=reloc",fragments.json:libengine.init_array,
E0066,CH-02,27,L2,loader_init_call,libengine.so,0x825d48,.init_array[26],R_AARCH64_RELATIVE addend (the slot holds no file bytes),libengine.so,0x5843dc,"_INIT_26 (.text, prologue e80f19fcfd7b01a9...)",.rela.dyn addend; Ghidra's 02_init_array_entries.txt agrees on all 44 after rebasing -0x100000,proven,"slot 0x825d48 -> 0x5843dc in .text, value_from=reloc",fragments.json:libengine.init_array,
E0067,CH-02,28,L2,loader_init_call,libengine.so,0x825d50,.init_array[27],R_AARCH64_RELATIVE addend (the slot holds no file bytes),libengine.so,0x5b16c8,"_INIT_27 (.text, prologue e80f19fcfd7b01a9...)",.rela.dyn addend; Ghidra's 02_init_array_entries.txt agrees on all 44 after rebasing -0x100000,proven,"slot 0x825d50 -> 0x5b16c8 in .text, value_from=reloc",fragments.json:libengine.init_array,
E0068,CH-02,29,L2,loader_init_call,libengine.so,0x825d58,.init_array[28],R_AARCH64_RELATIVE addend (the slot holds no file bytes),libengine.so,0x5de9b4,"_INIT_28 (.text, prologue e80f19fcfd7b01a9...)",.rela.dyn addend; Ghidra's 02_init_array_entries.txt agrees on all 44 after rebasing -0x100000,proven,"slot 0x825d58 -> 0x5de9b4 in .text, value_from=reloc",fragments.json:libengine.init_array,
E0069,CH-02,30,L2,loader_init_call,libengine.so,0x825d60,.init_array[29],R_AARCH64_RELATIVE addend (the slot holds no file bytes),libengine.so,0x60bca0,"_INIT_29 (.text, prologue e80f19fcfd7b01a9...)",.rela.dyn addend; Ghidra's 02_init_array_entries.txt agrees on all 44 after rebasing -0x100000,proven,"slot 0x825d60 -> 0x60bca0 in .text, value_from=reloc",fragments.json:libengine.init_array,
E0070,CH-02,31,L2,loader_init_call,libengine.so,0x825d68,.init_array[30],R_AARCH64_RELATIVE addend (the slot holds no file bytes),libengine.so,0x638f8c,"_INIT_30 (.text, prologue e80f19fcfd7b01a9...)",.rela.dyn addend; Ghidra's 02_init_array_entries.txt agrees on all 44 after rebasing -0x100000,proven,"slot 0x825d68 -> 0x638f8c in .text, value_from=reloc",fragments.json:libengine.init_array,
E0071,CH-02,32,L2,loader_init_call,libengine.so,0x825d70,.init_array[31],R_AARCH64_RELATIVE addend (the slot holds no file bytes),libengine.so,0x666278,"_INIT_31 (.text, prologue e80f19fcfd7b01a9...)",.rela.dyn addend; Ghidra's 02_init_array_entries.txt agrees on all 44 after rebasing -0x100000,proven,"slot 0x825d70 -> 0x666278 in .text, value_from=reloc",fragments.json:libengine.init_array,
E0072,CH-02,33,L2,loader_init_call,libengine.so,0x825d78,.init_array[32],R_AARCH64_RELATIVE addend (the slot holds no file bytes),libengine.so,0x693564,"_INIT_32 (.text, prologue e80f19fcfd7b01a9...)",.rela.dyn addend; Ghidra's 02_init_array_entries.txt agrees on all 44 after rebasing -0x100000,proven,"slot 0x825d78 -> 0x693564 in .text, value_from=reloc",fragments.json:libengine.init_array,
E0073,CH-02,34,L2,loader_init_call,libengine.so,0x825d80,.init_array[33],R_AARCH64_RELATIVE addend (the slot holds no file bytes),libengine.so,0x6c0850,"_INIT_33 (.text, prologue e80f19fcfd7b01a9...)",.rela.dyn addend; Ghidra's 02_init_array_entries.txt agrees on all 44 after rebasing -0x100000,proven,"slot 0x825d80 -> 0x6c0850 in .text, value_from=reloc",fragments.json:libengine.init_array,
E0074,CH-02,35,L2,loader_init_call,libengine.so,0x825d88,.init_array[34],R_AARCH64_RELATIVE addend (the slot holds no file bytes),libengine.so,0x6edb3c,"_INIT_34 (.text, prologue e80f19fcfd7b01a9...)",.rela.dyn addend; Ghidra's 02_init_array_entries.txt agrees on all 44 after rebasing -0x100000,proven,"slot 0x825d88 -> 0x6edb3c in .text, value_from=reloc",fragments.json:libengine.init_array,
E0075,CH-02,36,L2,loader_init_call,libengine.so,0x825d90,.init_array[35],R_AARCH64_RELATIVE addend (the slot holds no file bytes),libengine.so,0x71ae28,"_INIT_35 (.text, prologue e80f19fcfd7b01a9...)",.rela.dyn addend; Ghidra's 02_init_array_entries.txt agrees on all 44 after rebasing -0x100000,proven,"slot 0x825d90 -> 0x71ae28 in .text, value_from=reloc",fragments.json:libengine.init_array,
E0076,CH-02,37,L2,loader_init_call,libengine.so,0x825d98,.init_array[36],R_AARCH64_RELATIVE addend (the slot holds no file bytes),libengine.so,0x748114,"_INIT_36 (.text, prologue e80f19fcfd7b01a9...)",.rela.dyn addend; Ghidra's 02_init_array_entries.txt agrees on all 44 after rebasing -0x100000,proven,"slot 0x825d98 -> 0x748114 in .text, value_from=reloc",fragments.json:libengine.init_array,
E0077,CH-02,38,L2,loader_init_call,libengine.so,0x825da0,.init_array[37],R_AARCH64_RELATIVE addend (the slot holds no file bytes),libengine.so,0x794ac,"_INIT_37 (.text, prologue ffc302d1fd7b05a9...)",.rela.dyn addend; Ghidra's 02_init_array_entries.txt agrees on all 44 after rebasing -0x100000,proven,"slot 0x825da0 -> 0x794ac in .text, value_from=reloc",fragments.json:libengine.init_array,
E0078,CH-02,39,L2,loader_init_call,libengine.so,0x825da8,.init_array[38],R_AARCH64_RELATIVE addend (the slot holds no file bytes),libengine.so,0x8e270,"_INIT_38 (.text, prologue ff0301d1fd7b02a9...)",.rela.dyn addend; Ghidra's 02_init_array_entries.txt agrees on all 44 after rebasing -0x100000,proven,"slot 0x825da8 -> 0x8e270 in .text, value_from=reloc",fragments.json:libengine.init_array,
E0079,CH-02,40,L2,loader_init_call,libengine.so,0x825db0,.init_array[39],R_AARCH64_RELATIVE addend (the slot holds no file bytes),libengine.so,0x8f4f0,"_INIT_39 (.text, prologue fd7bbfa9fd030091...)",.rela.dyn addend; Ghidra's 02_init_array_entries.txt agrees on all 44 after rebasing -0x100000,proven,"slot 0x825db0 -> 0x8f4f0 in .text, value_from=reloc",fragments.json:libengine.init_array,
E0080,CH-02,41,L2,loader_init_call,libengine.so,0x825db8,.init_array[40],R_AARCH64_RELATIVE addend (the slot holds no file bytes),libengine.so,0x8f554,"_INIT_40 (.text, prologue fd7bbfa9fd030091...)",.rela.dyn addend; Ghidra's 02_init_array_entries.txt agrees on all 44 after rebasing -0x100000,proven,"slot 0x825db8 -> 0x8f554 in .text, value_from=reloc",fragments.json:libengine.init_array,
E0081,CH-02,42,L2,loader_init_call,libengine.so,0x825dc0,.init_array[41],R_AARCH64_RELATIVE addend (the slot holds no file bytes),libengine.so,0x8f5b4,"_INIT_41 (.text, prologue fd7bbfa9fd030091...)",.rela.dyn addend; Ghidra's 02_init_array_entries.txt agrees on all 44 after rebasing -0x100000,proven,"slot 0x825dc0 -> 0x8f5b4 in .text, value_from=reloc",fragments.json:libengine.init_array,
E0082,CH-02,43,L2,loader_init_call,libengine.so,0x825dc8,.init_array[42],R_AARCH64_RELATIVE addend (the slot holds no file bytes),libengine.so,0x7e2590,"_INIT_42 (.text, prologue 3f2303d5fd7bbea9...)",.rela.dyn addend; Ghidra's 02_init_array_entries.txt agrees on all 44 after rebasing -0x100000,proven,"slot 0x825dc8 -> 0x7e2590 in .text, value_from=reloc",fragments.json:libengine.init_array,
E0083,CH-02,44,L2,loader_init_call,libengine.so,0x825dd0,.init_array[43],R_AARCH64_RELATIVE addend (the slot holds no file bytes),libengine.so,0x81ae24,"_INIT_43 (.text, prologue 3f2303d5ffc301d1...)",.rela.dyn addend; Ghidra's 02_init_array_entries.txt agrees on all 44 after rebasing -0x100000,proven,"slot 0x825dd0 -> 0x81ae24 in .text, value_from=reloc",fragments.json:libengine.init_array,
E0104,CH-07,1,L3,calls_syscall_stub,libengine.so,0xb0068,registration site 0xb0140 (nMethods=1),blr x20,kernel,0xde,syscall 222 (mmap) via function pointer in x20,syscall number staged in w6 = #0xde; x0-x5 hold the mmap arguments,strong,"`0xb0068: blr       x20` with `mov w6, #0xde` = 222 = mmap staged before it; arguments visible in this window: none staged inside this window",fragments/F4d_libengine_regnatives_windows.asm:3,
E0105,CH-07,2,L3,calls_direct,libengine.so,0xb0088,registration site 0xb0140 (nMethods=1),bl #0x7775d8,libengine.so,0x7775d8,sub_7775d8,(unresolved) no symbol covers this offset in the fragments,probable,`0xb0088: bl        #0x7775d8`; arguments staged before the call: -,fragments/F4d_libengine_regnatives_windows.asm:11,
E0106,CH-07,3,L3,calls_direct,libengine.so,0xb0094,registration site 0xb0140 (nMethods=1),bl #0x81f140,libengine.so,0x81f140,sub_81f140,(unresolved) no symbol covers this offset in the fragments,probable,`0xb0094: bl        #0x81f140`; arguments staged before the call: -,fragments/F4d_libengine_regnatives_windows.asm:14,
E0107,CH-07,4,L3,calls_vtable0,libengine.so,0xb00c4,registration site 0xb0140 (nMethods=1),blr x8,libengine.so,,*x25 (first word of the object returned earlier),(unresolved) virtual dispatch - the vtable is filled at run time,probable,"`0xb00c4: blr       x8` after `ldr x8, [x25]`; arguments staged: -",fragments/F4d_libengine_regnatives_windows.asm:26,
E0108,CH-07,5,L3,calls_direct,libengine.so,0xb00e4,registration site 0xb0140 (nMethods=1),bl #0x81f250,libengine.so,0x81f250,sub_81f250,(unresolved) PLT stub - not among the 5 stubs Ghidra's callgraph names,probable,"0xb00d8 `ldr x0, [sp, #0x30]`; 0xb00dc `mov x1, x24`; 0xb00e0 `mov w2, #8`; 0xb00e4 `bl #0x81f250`; 0xb00e8 `cbnz w0, #0xb0120` - a (ptr, ptr, 8) -> int call whose result is tested, i.e. memcmp-shaped: the 8 decoded bytes are compared before the registration proceeds",fragments/F4d_libengine_regnatives_windows.asm:34,"shape-identified only; the import name needs .rela.plt, which the bundle does not carry"
E0112,CH-05,1,L3,calls_syscall,libengine.so,0xb3fe4,registration site 0xb40a8 (nMethods=2),svc #0,kernel,0x35,fchmodat,"syscall number staged in w8/x8 before svc (asm-generic/unistd.h, arm64)",proven,"0xb3fd4 `stur x8, [x29, #-0x40]`; 0xb3fd8 `ldur x8, [x29, #-0x40]`; 0xb3fdc `ldr x0, [x8]`; 0xb3fe0 `mov x8, #0x35`; 0xb3fe4 `svc #0` - syscall 53 (fchmodat) with only x0 staged, the value having been round-tripped through the stack from an obfuscated immediate (0xb3fc8-0xb3fd0 build 0x33804ef2)",fragments/F4d_libengine_regnatives_windows.asm:8,"first instruction of the window: the site opens with a syscall, not with a call"
E0113,CH-05,2,L3,calls_plt,libengine.so,0xb4018,registration site 0xb40a8 (nMethods=2),bl #0x81ad58,libengine.so,0x81ad58,FUN_0091ad58,"PLT stub named by Ghidra's callgraph (F7, rebased -0x100000)",strong,`0xb4018: bl        #0x81ad58`; arguments staged before the call: -,fragments/F4d_libengine_regnatives_windows.asm:21,
E0114,CH-05,3,L3,calls_syscall_stub,libengine.so,0xb403c,registration site 0xb40a8 (nMethods=2),blr x19,kernel,0xde,syscall 222 (mmap) via function pointer in x19,syscall number staged in w6 = #0xde; x0-x5 hold the mmap arguments,strong,"`0xb403c: blr       x19` with `mov w6, #0xde` = 222 = mmap staged before it; arguments visible in this window: length=0x4, prot=0x7 (R|W|X), flags=0x22 (MAP_PRIVATE|MAP_ANONYMOUS), fd=0xffffffffffffffff",fragments/F4d_libengine_regnatives_windows.asm:30,
E0115,CH-05,4,L3,calls_direct,libengine.so,0xb4050,registration site 0xb40a8 (nMethods=2),bl #0x777fb0,libengine.so,0x777fb0,sub_777fb0,(unresolved) no symbol covers this offset in the fragments,probable,`0xb4050: bl        #0x777fb0`; arguments staged before the call: -,fragments/F4d_libengine_regnatives_windows.asm:35,
E0116,CH-05,5,L3,calls_direct,libengine.so,0xb405c,registration site 0xb40a8 (nMethods=2),bl #0x81f140,libengine.so,0x81f140,sub_81f140,(unresolved) no symbol covers this offset in the fragments,probable,`0xb405c: bl        #0x81f140`; arguments staged before the call: -,fragments/F4d_libengine_regnatives_windows.asm:38,
E0117,CH-05,6,L3,calls_vtable0,libengine.so,0xb407c,registration site 0xb40a8 (nMethods=2),blr x8,libengine.so,,*x22 (first word of the object returned earlier),(unresolved) virtual dispatch - the vtable is filled at run time,probable,"`0xb407c: blr       x8` after `ldr x8, [x22]`; arguments staged: -",fragments/F4d_libengine_regnatives_windows.asm:46,
E0119,CH-05,0,L3,calls_plt,libengine.so,0xb40e8,registration site 0xb40a8 (nMethods=2),bl #0x81eff0,libengine.so,0x81eff0,__stack_chk_fail,"PLT stub named by Ghidra's callgraph (F7, rebased -0x100000)",strong,`0xb40e8: bl        #0x81eff0`; arguments staged before the call: -,fragments/F4d_libengine_regnatives_windows.asm:73,
E0122,CH-04,1,L3,calls_plt,libengine.so,0xf3944,registration site 0xf3a08 (nMethods=10),bl #0x81ad58,libengine.so,0x81ad58,FUN_0091ad58,"PLT stub named by Ghidra's callgraph (F7, rebased -0x100000)",strong,`0xf3944: bl        #0x81ad58`; arguments staged before the call: -,fragments/F4d_libengine_regnatives_windows.asm:8,
E0123,CH-04,2,L3,calls_syscall_stub,libengine.so,0xf3968,registration site 0xf3a08 (nMethods=10),blr x19,kernel,0xde,syscall 222 (mmap) via function pointer in x19,syscall number staged in w6 = #0xde; x0-x5 hold the mmap arguments,strong,"`0xf3968: blr       x19` with `mov w6, #0xde` = 222 = mmap staged before it; arguments visible in this window: length=0x18, prot=0x7 (R|W|X), flags=0x22 (MAP_PRIVATE|MAP_ANONYMOUS), fd=0xffffffffffffffff",fragments/F4d_libengine_regnatives_windows.asm:17,
E0124,CH-04,3,L3,calls_direct,libengine.so,0xf3988,registration site 0xf3a08 (nMethods=10),bl #0x7778a8,libengine.so,0x7778a8,sub_7778a8,(unresolved) no symbol covers this offset in the fragments,probable,`0xf3988: bl        #0x7778a8`; arguments staged before the call: -,fragments/F4d_libengine_regnatives_windows.asm:25,
E0125,CH-04,4,L3,calls_direct,libengine.so,0xf3994,registration site 0xf3a08 (nMethods=10),bl #0x81f140,libengine.so,0x81f140,sub_81f140,(unresolved) no symbol covers this offset in the fragments,probable,`0xf3994: bl        #0x81f140`; arguments staged before the call: -,fragments/F4d_libengine_regnatives_windows.asm:28,
E0126,CH-04,5,L3,calls_vtable0,libengine.so,0xf39c4,registration site 0xf3a08 (nMethods=10),blr x8,libengine.so,,*x21 (first word of the object returned earlier),(unresolved) virtual dispatch - the vtable is filled at run time,probable,"`0xf39c4: blr       x8` after `ldr x8, [x21]`; arguments staged: -",fragments/F4d_libengine_regnatives_windows.asm:40,
E0129,CH-04,0,L3,calls_plt,libengine.so,0xf3a50,registration site 0xf3a08 (nMethods=10),bl #0x81eff0,libengine.so,0x81eff0,__stack_chk_fail,"PLT stub named by Ghidra's callgraph (F7, rebased -0x100000)",strong,`0xf3a50: bl        #0x81eff0`; arguments staged before the call: -,fragments/F4d_libengine_regnatives_windows.asm:75,
E0086,CH-03,1,L3,calls_plt,libengine.so,0xf3fd8,JNI_OnLoad,bl #0x81f110,libengine.so,0x81f110,sysconf,"PLT stub named by Ghidra's callgraph (F7, rebased -0x100000)",strong,`0xf3fd8: bl        #0x81f110`; arguments staged before the call: -,fragments/F4c_libengine_JNI_OnLoad.asm:16,
E0087,CH-03,2,L3,calls_syscall,libengine.so,0xf4018,JNI_OnLoad,svc #0,kernel,0xde,mmap,"syscall number staged in w8/x8 before svc (asm-generic/unistd.h, arm64)",proven,"`0xf4018: svc       #0` with w8 = #0xde = 222 = mmap; arguments visible in this window: prot=0x7 (R|W|X), flags=0x22 (MAP_PRIVATE|MAP_ANONYMOUS), fd=0xffffffffffffffff",fragments/F4c_libengine_JNI_OnLoad.asm:32,
E0088,CH-03,3,L3,computes_branch,libengine.so,0xf4054,JNI_OnLoad,br x10,libengine.so,,"dispatch table at 0x125d4 (adrp 0x12000 + 0x5d4), 4 relative offsets","adrp/add at 0xf3fe0+0xf3ff8 build x26 = 0x125d4; `ldrsw x11,[x26,x9,lsl#2]` with x9 = x27 & 3 selects one of 4 signed offsets added to the PC at 0xf4048",strong,"0xf4048 `adr x10, #0xf4048`; 0xf404c `ldrsw x11, [x26, x9, lsl #2]`; 0xf4050 `add x10, x10, x11`; 0xf4054 `br x10` - the four table words at 0x125d4..0x125e0 are file bytes this bundle does not contain, so the four targets stay open (recipe: read 4 little-endian int32 at libengine.so+0x125d4)",fragments/F4c_libengine_JNI_OnLoad.asm:47,switch-shaped dispatcher inside the loop that writes the generated page
E0089,CH-03,4,L3,calls_plt,libengine.so,0xf406c,JNI_OnLoad,bl #0x81f120,libengine.so,0x81f120,rand,"PLT stub named by Ghidra's callgraph (F7, rebased -0x100000)",strong,`0xf406c: bl        #0x81f120`; arguments staged before the call: -,fragments/F4c_libengine_JNI_OnLoad.asm:53,
E0090,CH-03,5,L3,writes_generated_code,libengine.so,0xf4078,JNI_OnLoad,"str w8, [x21, x27, lsl #2]",libengine.so,,"RWX page from the mmap at 0xf4018 (x21 = page, x27 = word index)","`mov w28, #0x14000000` at 0xf4040 is the AArch64 unconditional-branch opcode; 0xf406c-0xf4074 blend it with rand() and mask 0x3ffffff",proven,"0xf4040 `mov w28, #0x14000000`; 0xf4044 `mov w19, #0x3ffffff`; 0xf4070 `and w8, w0, w19`; 0xf4074 `orr w8, w8, w28`; 0xf4078 `str w8, [x21, x27, lsl #2]` - a `B <imm26>` is written word by word into the page mmap returned",fragments/F4c_libengine_JNI_OnLoad.asm:56,this is why no static tool sees the registration code: it is emitted at load time
E0091,CH-03,6,L3,writes_generated_code,libengine.so,0xf40a0,JNI_OnLoad,"str w10, [x8]",libengine.so,,previous RWX page (x8 = pages[n-1]); the branch is aimed at x21 = pages[n],"0xf4090 stages the opcode, 0xf4098 computes the delta, 0xf409c packs it",proven,"0xf4090 `mov w10, #0x14000000`; 0xf4094 `ldr x8, [x25, w8, uxtw #3]` (previous page); 0xf4098 `sub w9, w21, w8`; 0xf409c `bfxil w10, w9, #2, #0x1a`; 0xf40a0 `str w10, [x8]` - page n-1 is patched with `B (page_n - page_{n-1}) >> 2`, chaining the pages",fragments/F4c_libengine_JNI_OnLoad.asm:66,"the pages form a linked trampoline chain, each one branching to the next"
E0092,CH-03,7,L3,calls_plt,libengine.so,0xf40ac,JNI_OnLoad,bl #0x81ad58,libengine.so,0x81ad58,FUN_0091ad58,"PLT stub named by Ghidra's callgraph (F7, rebased -0x100000)",strong,`0xf40ac: bl        #0x81ad58`; arguments staged before the call: -,fragments/F4c_libengine_JNI_OnLoad.asm:69,
E0093,CH-03,8,L3,jumps_into_generated,libengine.so,0xf40e0,JNI_OnLoad,blr x8,libengine.so,,generated code in the first RWX page (the mmap result stored at sp+0x10),"x8 = [sp,#0x10] = pages[0], written by `str x0, [x25, x22, lsl #3]` at 0xf4020 with x25 = sp+0x10 (0xf3ff4) and x0 = the mmap return at 0xf4018",proven,"0xf3ff4 `add x25, sp, #0x10`; 0xf4018 `svc #0` (mmap, prot=RWX); 0xf4020 `str x0, [x25, x22, lsl #3]`; 0xf40c4 `ldr x8, [sp, #0x10]`; 0xf40e0 `blr x8` - control leaves the static image",fragments/F4c_libengine_JNI_OnLoad.asm:82,first of the 2 blr in JNI_OnLoad (F4: blr_count = 2)
E0094,CH-03,0,L3,calls_plt,libengine.so,0xf40e8,JNI_OnLoad,bl #0x81f110,libengine.so,0x81f110,sysconf,"PLT stub named by Ghidra's callgraph (F7, rebased -0x100000)",strong,`0xf40e8: bl        #0x81f110`; arguments staged before the call: -,fragments/F4c_libengine_JNI_OnLoad.asm:84,
E0095,CH-03,9,L3,calls_syscall,libengine.so,0xf411c,JNI_OnLoad,svc #0,kernel,0xde,mmap,"syscall number staged in w8/x8 before svc (asm-generic/unistd.h, arm64)",proven,"`0xf411c: svc       #0` with w8 = #0xde = 222 = mmap; arguments visible in this window: prot=0x7 (R|W|X), flags=0x22 (MAP_PRIVATE|MAP_ANONYMOUS), fd=0xffffffffffffffff",fragments/F4c_libengine_JNI_OnLoad.asm:97,
E0096,CH-03,10,L3,jumps_into_generated,libengine.so,0xf43f4,JNI_OnLoad,blr x8,libengine.so,,generated table in the second RWX page (x8 = mmap result of 0xf411c),"x8 = x0 of the second mmap (0xf4120 `mov x8, x0`); 0xf41f8-0xf43c8 fill [x8+0x550 .. x8+0x5e8] with values built by shifting immediates through counts loaded from .bss 0x828048..0x828088",proven,"0xf411c `svc #0` (mmap, prot=RWX); 0xf4120 `mov x8, x0`; 0xf4190 `ldr x9, [x9, #0x48]` / 0xf41a0 `ldr x10, [x10, #0x50]` (.bss shift counts); 0xf41f8 `str x9, [x8, #0x550]` ... 0xf43c8 `str x9, [x8, #0x5e8]`; 0xf43f0 `mov x6, x8`; 0xf43f4 `blr x8`; 0xf43f8 `cbz x0, #0xf4430`",fragments/F4c_libengine_JNI_OnLoad.asm:279,the callee returns the value that selects the 0xf4430 / 0xf442c path - a runtime check whose result is consumed but whose code is not in the image
E0097,CH-03,11,L3,calls_syscall,libengine.so,0xf4428,JNI_OnLoad,svc #0,kernel,0x35,fchmodat,"syscall number staged in w8/x8 before svc (asm-generic/unistd.h, arm64)",proven,"0xf4418 `str x26, [sp, #0x10]`; 0xf441c `ldr x8, [sp, #0x10]`; 0xf4420 `ldr x0, [x8]`; 0xf4424 `mov x8, #0x35`; 0xf4428 `svc #0` - the syscall number is proven (53 = fchmodat) but only x0 is staged, and it is a word read back out of the generated page, so the arguments are NOT recoverable from the image",fragments/F4c_libengine_JNI_OnLoad.asm:292,"reached when the second generated call returned non-zero (0xf43f8 `cbz x0, #0xf4430`)"
E0098,CH-03,0,L3,calls_syscall,libengine.so,0xf4458,JNI_OnLoad,svc #0,kernel,0x35,fchmodat,"syscall number staged in w8/x8 before svc (asm-generic/unistd.h, arm64)",proven,"0xf4448 `str w8, [sp, #0x10]`; 0xf444c `ldr x8, [sp, #0x10]`; 0xf4450 `ldr x0, [x8]`; 0xf4454 `mov x8, #0x35`; 0xf4458 `svc #0` - same shape as 0xf4428 on the other branch of the `cbz`",fragments/F4c_libengine_JNI_OnLoad.asm:304,"the pair brackets the runtime check, i.e. both outcomes end in the same syscall"
E0099,CH-03,12,L3,calls_plt,libengine.so,0xf446c,JNI_OnLoad,bl #0x81f0e0,libengine.so,0x81f0e0,strlen,"PLT stub named by Ghidra's callgraph (F7, rebased -0x100000)",strong,`0xf446c: bl        #0x81f0e0`; arguments staged before the call: -,fragments/F4c_libengine_JNI_OnLoad.asm:309,
E0100,CH-03,0,L3,calls_plt,libengine.so,0xf45bc,JNI_OnLoad,bl #0x81f0e0,libengine.so,0x81f0e0,strlen,"PLT stub named by Ghidra's callgraph (F7, rebased -0x100000)",strong,`0xf45bc: bl        #0x81f0e0`; arguments staged before the call: -,fragments/F4c_libengine_JNI_OnLoad.asm:393,
E0102,CH-06,4,L3,calls_direct,libengine.so,0x81eee4,.mytext registered handler (0x81eeb4),bl #0xb01c4,libengine.so,0xb01c4,sub_b01c4,(unresolved) .text offset - 0x84 bytes past the RegisterNatives site at 0xb0140,probable,"0x81eed8 `mov x2, x0` (x0 = FromReflectedMethod result); 0x81eedc `mov x0, x20` (x20 = the JNIEnv* saved at 0x81eecc); 0x81eee0 `mov x1, x19` (x19 = incoming x2, saved at 0x81eec8); 0x81eee4 `bl #0xb01c4` - env, the original second argument and the reflected java.lang.reflect.Method are forwarded into .text",fragments/F4b_libengine_mytext.asm:22,the only hop out of .mytext into the protected body; its target has no symbol
E0103,CH-06,0,L3,calls_direct,libengine.so,0x81ef40,.mytext registered handler (0x81eeb4),bl #0xb134c,libengine.so,0xb134c,sub_b134c,(unresolved) .text offset,probable,"0x81ef34 function entry (`stp x29, x30, [sp, #-0x10]!`); 0x81ef3c `mov x1, x3`; 0x81ef40 `bl #0xb134c` - the second .mytext routine forwards its 4th argument as x1 and does no FromReflectedMethod, so it is not the Method-shaped handler",fragments/F4b_libengine_mytext.asm:45,second routine in .mytext; not reachable from the recovered fnPtr 0x81eeb0
E0111,CH-07,0,L4,binds_fnptr_to_dex,libengine.so,0xb0140,RegisterNatives site 0xb0140,nMethods = 1,classes.dex,,"com/snake/helper/Native (pjowqpxe, by count-elimination)",LINKAGE.md attribution: FindClass name length + decode-loop bounds + count-elimination; consumes all 13 declarations exactly,probable,"byte-decode loop at 0xb00d0 runs 8 times (strb + add x20,x20,#1 + cmp x20,#8 + b.ne)  [all loop bounds in window: [8]]",fragments.json:libengine.register_natives_sites,
E0109,CH-07,6,L4,registers_natives,libengine.so,0xb0144,registration site 0xb0140 (nMethods=1),blr x8,android-runtime,0x6b8,JNIEnv->RegisterNatives (slot 215),JNIEnv function-table offset (jni.h order),proven,"`0xb0144: blr       x8` reached through `blr` of the value loaded by `ldr x8, [x8, #0x6b8]`; the table pointer itself came from `ldr x8, [x25]`",fragments/F4d_libengine_regnatives_windows.asm:58,
E0110,CH-07,7,L4,calls_jni_slot,libengine.so,0xb018c,registration site 0xb0140 (nMethods=1),blr x8,android-runtime,0x88,JNIEnv->ExceptionClear (slot 17),JNIEnv function-table offset (jni.h order),proven,"0xb0180 `ldr x8, [x19]`; 0xb0184 `ldr x8, [x8, #0x88]`; 0xb0188 `mov x0, x19`; 0xb018c `blr x8` - slot 17 = ExceptionClear(env), reached on the failure path `tbnz w0, #0x1f, #0xb0190` after RegisterNatives returned < 0",fragments/F4d_libengine_regnatives_windows.asm:76,error path of the registration: clear the pending JNI exception
E0121,CH-05,0,L4,binds_fnptr_to_dex,libengine.so,0xb40a8,RegisterNatives site 0xb40a8,nMethods = 2,classes.dex,,"com/snake/helper/flagger (na, nb)",LINKAGE.md attribution: FindClass name length + decode-loop bounds + count-elimination; consumes all 13 declarations exactly,probable,"byte-decode loop at 0xb4088 runs 3 times (strb + add x19,x19,#1 + cmp x19,#3 + b.ne)  [all loop bounds in window: [2, 3]]",fragments.json:libengine.register_natives_sites,
E0120,CH-05,7,L4,stages_fnptr,libengine.so,0xb40b0,registration site 0xb40a8,stp/str x9 -> sp+0x48 (JNINativeMethod[1].fnPtr),libengine.so,0x81eeb0,.mytext 0x81eeb0 (exec=True) - the only fnPtr of the 13 that survives static analysis,absolute value staged by adrp+add inside the same window,proven,"0xb409c: x2, sp, #0x20 — the JNINativeMethod[] is assembled on the stack, so name/sig/fnPtr are runtime values; the stores into that frame below are what can still be recovered statically; the value written is 0x81eeb0, which lies inside .mytext (0x81eeac + 244 bytes, exec=True, write=False)",fragments.json:libengine.register_natives_sites,
E0118,CH-05,8,L4,registers_natives,libengine.so,0xb40b4,registration site 0xb40a8 (nMethods=2),blr x8,android-runtime,0x6b8,JNIEnv->RegisterNatives (slot 215),JNIEnv function-table offset (jni.h order),proven,"`0xb40b4: blr       x8` reached through `blr` of the value loaded by `ldr x8, [x8, #0x6b8]`; the table pointer itself came from `ldr x8, [x22]`",fragments/F4d_libengine_regnatives_windows.asm:60,
E0127,CH-04,6,L4,finds_class,libengine.so,0xf39e8,registration site 0xf3a08 (nMethods=10),blr x8,android-runtime,0x30,JNIEnv->FindClass (slot 6),JNIEnv function-table offset (jni.h order),proven,"0xf39d8 `ldr x8, [x24]`; 0xf39dc `mov x0, x24`; 0xf39e0 `mov x1, x20`; 0xf39e4 `ldr x8, [x8, #0x30]`; 0xf39e8 `blr x8` - FindClass(env, x20) where x20 is the buffer the 23-iteration decode loop at 0xf39b8-0xf39d4 just filled, so the class name is 23 characters: 'com/snake/helper/Native'",fragments/F4d_libengine_regnatives_windows.asm:49,the only FindClass among the 3 registration windows; the other two reuse a class handle they did not materialise here
E0130,CH-04,0,L4,binds_fnptr_to_dex,libengine.so,0xf3a08,RegisterNatives site 0xf3a08,nMethods = 10,classes.dex,,com/snake/helper/Native (10 of its 11 declarations),LINKAGE.md attribution: FindClass name length + decode-loop bounds + count-elimination; consumes all 13 declarations exactly,strong,"FindClass at 0xf39e4; byte-decode loop at 0xf39d0 runs 23 times (strb + add x19,x19,#1 + cmp x19,#23 + b.ne), so the JNI class name it materialises is that many characters long  [all loop bounds in window: [23]]",fragments.json:libengine.register_natives_sites,
E0128,CH-04,7,L4,registers_natives,libengine.so,0xf3a0c,registration site 0xf3a08 (nMethods=10),blr x8,android-runtime,0x6b8,JNIEnv->RegisterNatives (slot 215),JNIEnv function-table offset (jni.h order),proven,"`0xf3a0c: blr       x8` reached through `blr` of the value loaded by `ldr x8, [x8, #0x6b8]`; the table pointer itself came from `ldr x8, [x21]`",fragments/F4d_libengine_regnatives_windows.asm:58,
E0132,,0,L4,rejected_slot_load,libengine.so,0x79d338,0x6b8-pattern load,"adrp x8,#0x828000 at file 0x79d32c",libengine.so,,not a JNIEnv call (base = global),"the base register points at .bss/.got, not at *JNIEnv",proven,"adrp x8,#0x828000 at file 0x79d32c — points at 0x828000 (.bss), not at JNIEnv",fragments.json:libengine.slot_0x6b8_loads,
E0133,,0,L4,rejected_slot_load,libengine.so,0x7fea74,0x6b8-pattern load,"adrp x8,#0x839000 at file 0x7fea70",libengine.so,,not a JNIEnv call (base = global),"the base register points at .bss/.got, not at *JNIEnv",proven,"adrp x8,#0x839000 at file 0x7fea70 — points at 0x839000 (.bss), not at JNIEnv",fragments.json:libengine.slot_0x6b8_loads,
E0101,CH-06,3,L4,calls_jni_slot,libengine.so,0x81eed4,.mytext registered handler (0x81eeb4),blr x8,android-runtime,0x38,JNIEnv->FromReflectedMethod (slot 7),JNIEnv function-table offset (jni.h order),proven,"`0x81eed4: blr       x8` reached through `blr` of the value loaded by `ldr x8, [x8, #0x38]`; the table pointer itself came from `ldr x8, [x0]`",fragments/F4b_libengine_mytext.asm:18,
E0134,,0,L4,rejected_slot_load,libengine.so,0x81f514,0x6b8-pattern load,"adrp x16,#0x826000 at file 0x81f510",libengine.so,,not a JNIEnv call (base = global),"the base register points at .bss/.got, not at *JNIEnv",proven,"adrp x16,#0x826000 at file 0x81f510 — points at 0x826000 (.got), not at JNIEnv",fragments.json:libengine.slot_0x6b8_loads,
E0498,CH-11,0,L5,dart_call,libapp.so,0x50fb50,"aoa<X0>::X0 [](aoa<X0>, int)",bl #0x55b758  ; IsType_int_Stub,libapp.so,0x55b758,IsType_int_Stub,blutter's inline stub comment in the same listing,proven,"output/blutter/asm/jkg.dart:58 inside `X0 [](aoa<X0>, int)` (function entry 0x50fb08), instruction `//     0x50fb50: bl              #0x55b758  ; IsType_int_Stub`",output/blutter/asm/jkg.dart:58,"file output/blutter/asm/jkg.dart, class aoa<X0>, function at 0x50fb08"
E0499,CH-11,0,L5,dart_call,libapp.so,0x50fb60,"aoa<X0>::X0 [](aoa<X0>, int)",bl #0x48b358,libapp.so,0x48b358,0x48b358,(unresolved) no symbol in the committed dump covers this code address,candidate,"output/blutter/asm/jkg.dart:63 inside `X0 [](aoa<X0>, int)` (function entry 0x50fb08), instruction `//     0x50fb60: bl              #0x48b358`",output/blutter/asm/jkg.dart:63,"file output/blutter/asm/jkg.dart, class aoa<X0>, function at 0x50fb08"
E0500,CH-11,0,L5,dart_call,libapp.so,0x50fb70,"aoa<X0>::X0 [](aoa<X0>, int)",bl #0x554734  ; StackOverflowSharedWithoutFPURegsStub,libapp.so,0x554734,StackOverflowSharedWithoutFPURegsStub,blutter's inline stub comment in the same listing,proven,"output/blutter/asm/jkg.dart:70 inside `X0 [](aoa<X0>, int)` (function entry 0x50fb08), instruction `//     0x50fb70: bl              #0x554734  ; StackOverflowSharedWithoutFPURegsStub`",output/blutter/asm/jkg.dart:70,"file output/blutter/asm/jkg.dart, class aoa<X0>, function at 0x50fb08"
E0501,CH-11,0,L5,dart_tail_call,libapp.so,0x50fb74,"aoa<X0>::X0 [](aoa<X0>, int)",b #0x50fb20,libapp.so,0x50fb20,jkg_aoa::op_at_50fb08,inside the function blutter names at 0x50fb08 (add_func range),strong,"output/blutter/asm/jkg.dart:71 inside `X0 [](aoa<X0>, int)` (function entry 0x50fb08), instruction `// 0x50fb74: b               #0x50fb20`",output/blutter/asm/jkg.dart:71,"file output/blutter/asm/jkg.dart, class aoa<X0>, function at 0x50fb08"
E0410,CH-11,0,L5,dart_call,libapp.so,0x5137f0,"Hy::Hy +(Hy, Hy)",bl #0x513960  ; IsType_Hy_Stub,libapp.so,0x513960,IsType_Hy_Stub,blutter's inline stub comment in the same listing,proven,"output/blutter/asm/amg.dart:849 inside `Hy +(Hy, Hy)` (function entry 0x5137a8), instruction `//     0x5137f0: bl              #0x513960  ; IsType_Hy_Stub`",output/blutter/asm/amg.dart:849,"file output/blutter/asm/amg.dart, class Hy, function at 0x5137a8"
E0411,CH-11,0,L5,dart_call,libapp.so,0x5137fc,"Hy::Hy +(Hy, Hy)",bl #0x19af48,libapp.so,0x19af48,0x19af48,(unresolved) no symbol in the committed dump covers this code address,candidate,"output/blutter/asm/amg.dart:853 inside `Hy +(Hy, Hy)` (function entry 0x5137a8), instruction `//     0x5137fc: bl              #0x19af48`",output/blutter/asm/amg.dart:853,"file output/blutter/asm/amg.dart, class Hy, function at 0x5137a8"
E0412,CH-11,0,L5,dart_call,libapp.so,0x51380c,"Hy::Hy +(Hy, Hy)",bl #0x554734  ; StackOverflowSharedWithoutFPURegsStub,libapp.so,0x554734,StackOverflowSharedWithoutFPURegsStub,blutter's inline stub comment in the same listing,proven,"output/blutter/asm/amg.dart:860 inside `Hy +(Hy, Hy)` (function entry 0x5137a8), instruction `//     0x51380c: bl              #0x554734  ; StackOverflowSharedWithoutFPURegsStub`",output/blutter/asm/amg.dart:860,"file output/blutter/asm/amg.dart, class Hy, function at 0x5137a8"
E0413,CH-11,0,L5,dart_tail_call,libapp.so,0x513810,"Hy::Hy +(Hy, Hy)",b #0x5137bc,libapp.so,0x5137bc,amg_Hy::op_add_5137a8,inside the function blutter names at 0x5137a8 (add_func range),strong,"output/blutter/asm/amg.dart:861 inside `Hy +(Hy, Hy)` (function entry 0x5137a8), instruction `// 0x513810: b               #0x5137bc`",output/blutter/asm/amg.dart:861,"file output/blutter/asm/amg.dart, class Hy, function at 0x5137a8"
E0414,CH-11,0,L5,dart_call,libapp.so,0x513858,"Hy::dynamic *(Hy, dynamic)",bl #0x19b5b0,libapp.so,0x19b5b0,0x19b5b0,(unresolved) no symbol in the committed dump covers this code address,candidate,"output/blutter/asm/amg.dart:877 inside `dynamic *(Hy, dynamic)` (function entry 0x513838), instruction `//     0x513858: bl              #0x19b5b0`",output/blutter/asm/amg.dart:877,"file output/blutter/asm/amg.dart, class Hy, function at 0x513838"
E0415,CH-11,0,L5,dart_call,libapp.so,0x513868,"Hy::dynamic *(Hy, dynamic)",bl #0x554734  ; StackOverflowSharedWithoutFPURegsStub,libapp.so,0x554734,StackOverflowSharedWithoutFPURegsStub,blutter's inline stub comment in the same listing,proven,"output/blutter/asm/amg.dart:884 inside `dynamic *(Hy, dynamic)` (function entry 0x513838), instruction `//     0x513868: bl              #0x554734  ; StackOverflowSharedWithoutFPURegsStub`",output/blutter/asm/amg.dart:884,"file output/blutter/asm/amg.dart, class Hy, function at 0x513838"
E0416,CH-11,0,L5,dart_tail_call,libapp.so,0x51386c,"Hy::dynamic *(Hy, dynamic)",b #0x51384c,libapp.so,0x51384c,amg_Hy::op_mul_513838,inside the function blutter names at 0x513838 (add_func range),strong,"output/blutter/asm/amg.dart:885 inside `dynamic *(Hy, dynamic)` (function entry 0x513838), instruction `// 0x51386c: b               #0x51384c`",output/blutter/asm/amg.dart:885,"file output/blutter/asm/amg.dart, class Hy, function at 0x513838"
E0417,CH-11,0,L5,dart_call,libapp.so,0x5138dc,"Hy::Hy -(Hy, Hy)",bl #0x513960  ; IsType_Hy_Stub,libapp.so,0x513960,IsType_Hy_Stub,blutter's inline stub comment in the same listing,proven,"output/blutter/asm/amg.dart:917 inside `Hy -(Hy, Hy)` (function entry 0x513894), instruction `//     0x5138dc: bl              #0x513960  ; IsType_Hy_Stub`",output/blutter/asm/amg.dart:917,"file output/blutter/asm/amg.dart, class Hy, function at 0x513894"
E0418,CH-11,0,L5,dart_call,libapp.so,0x5138e8,"Hy::Hy -(Hy, Hy)",bl #0x19b94c,libapp.so,0x19b94c,0x19b94c,(unresolved) no symbol in the committed dump covers this code address,candidate,"output/blutter/asm/amg.dart:921 inside `Hy -(Hy, Hy)` (function entry 0x513894), instruction `//     0x5138e8: bl              #0x19b94c`",output/blutter/asm/amg.dart:921,"file output/blutter/asm/amg.dart, class Hy, function at 0x513894"
E0419,CH-11,0,L5,dart_call,libapp.so,0x5138f8,"Hy::Hy -(Hy, Hy)",bl #0x554734  ; StackOverflowSharedWithoutFPURegsStub,libapp.so,0x554734,StackOverflowSharedWithoutFPURegsStub,blutter's inline stub comment in the same listing,proven,"output/blutter/asm/amg.dart:928 inside `Hy -(Hy, Hy)` (function entry 0x513894), instruction `//     0x5138f8: bl              #0x554734  ; StackOverflowSharedWithoutFPURegsStub`",output/blutter/asm/amg.dart:928,"file output/blutter/asm/amg.dart, class Hy, function at 0x513894"
E0420,CH-11,0,L5,dart_tail_call,libapp.so,0x5138fc,"Hy::Hy -(Hy, Hy)",b #0x5138a8,libapp.so,0x5138a8,amg_Hy::op_sub_513894,inside the function blutter names at 0x513894 (add_func range),strong,"output/blutter/asm/amg.dart:929 inside `Hy -(Hy, Hy)` (function entry 0x513894), instruction `// 0x5138fc: b               #0x5138a8`",output/blutter/asm/amg.dart:929,"file output/blutter/asm/amg.dart, class Hy, function at 0x513894"
E0421,CH-11,0,L5,dart_call,libapp.so,0x513950,"Hy::double [](Hy, int)",bl #0x55b758  ; IsType_int_Stub,libapp.so,0x55b758,IsType_int_Stub,blutter's inline stub comment in the same listing,proven,"output/blutter/asm/amg.dart:955 inside `double [](Hy, int)` (function entry 0x513918), instruction `//     0x513950: bl              #0x55b758  ; IsType_int_Stub`",output/blutter/asm/amg.dart:955,"file output/blutter/asm/amg.dart, class Hy, function at 0x513918"
E0422,CH-11,0,L5,dart_call,libapp.so,0x513958,"Hy::double [](Hy, int)",bl #0x5527dc  ; ThrowStub,libapp.so,0x5527dc,ThrowStub,blutter's inline stub comment in the same listing,proven,"output/blutter/asm/amg.dart:959 inside `double [](Hy, int)` (function entry 0x513918), instruction `//     0x513958: bl              #0x5527dc  ; ThrowStub`",output/blutter/asm/amg.dart:959,"file output/blutter/asm/amg.dart, class Hy, function at 0x513918"
E0291,CH-11,0,L5,dart_call,libapp.so,0x5169e4,"_NS::[closure] void <anonymous closure>(dynamic, ByteData?)",bl #0x497fac,libapp.so,0x497fac,0x497fac,(unresolved) no symbol in the committed dump covers this code address,candidate,"output/blutter/asm/Ydg.dart:53 inside `[closure] void <anonymous closure>(dynamic, ByteData?)` (function entry 0x5169a8), instruction `//     0x5169e4: bl              #0x497fac`",output/blutter/asm/Ydg.dart:53,"file output/blutter/asm/Ydg.dart, class _NS, function at 0x5169a8"
E0292,CH-11,0,L5,dart_tail_call,libapp.so,0x5169e8,"_NS::[closure] void <anonymous closure>(dynamic, ByteData?)",b #0x516a3c,libapp.so,0x516a3c,Ydg__NS::_anon_closure_5169a8,inside the function blutter names at 0x5169a8 (add_func range),strong,"output/blutter/asm/Ydg.dart:54 inside `[closure] void <anonymous closure>(dynamic, ByteData?)` (function entry 0x5169a8), instruction `// 0x5169e8: b               #0x516a3c`",output/blutter/asm/Ydg.dart:54,"file output/blutter/asm/Ydg.dart, class _NS, function at 0x5169a8"
E0293,CH-11,0,L5,dart_call,libapp.so,0x516a04,"_NS::[closure] void <anonymous closure>(dynamic, ByteData?)",bl #0x5136ac  ; AllocatedxStub -> dx (size=0x2c),libapp.so,0x5136ac,AllocatedxStub -> dx (size=0x2c),blutter's inline stub comment in the same listing,proven,"output/blutter/asm/Ydg.dart:63 inside `[closure] void <anonymous closure>(dynamic, ByteData?)` (function entry 0x5169a8), instruction `//     0x516a04: bl              #0x5136ac  ; AllocatedxStub -> dx (size=0x2c)`",output/blutter/asm/Ydg.dart:63,"file output/blutter/asm/Ydg.dart, class _NS, function at 0x5169a8"
E0294,CH-11,0,L5,dart_call,libapp.so,0x516a14,"_NS::[closure] void <anonymous closure>(dynamic, ByteData?)",bl #0x19ac78,libapp.so,0x19ac78,0x19ac78,(unresolved) no symbol in the committed dump covers this code address,candidate,"output/blutter/asm/Ydg.dart:70 inside `[closure] void <anonymous closure>(dynamic, ByteData?)` (function entry 0x5169a8), instruction `//     0x516a14: bl              #0x19ac78`",output/blutter/asm/Ydg.dart:70,"file output/blutter/asm/Ydg.dart, class _NS, function at 0x5169a8"
E0295,CH-11,0,L5,dart_call,libapp.so,0x516a18,"_NS::[closure] void <anonymous closure>(dynamic, ByteData?)",bl #0x513784  ; AllocatehxStub -> hx (size=0x14),libapp.so,0x513784,AllocatehxStub -> hx (size=0x14),blutter's inline stub comment in the same listing,proven,"output/blutter/asm/Ydg.dart:72 inside `[closure] void <anonymous closure>(dynamic, ByteData?)` (function entry 0x5169a8), instruction `//     0x516a18: bl              #0x513784  ; AllocatehxStub -> hx (size=0x14)`",output/blutter/asm/Ydg.dart:72,"file output/blutter/asm/Ydg.dart, class _NS, function at 0x5169a8"
E0296,CH-11,0,L5,dart_call,libapp.so,0x516a38,"_NS::[closure] void <anonymous closure>(dynamic, ByteData?)",bl #0x17d558,libapp.so,0x17d558,0x17d558,(unresolved) no symbol in the committed dump covers this code address,candidate,"output/blutter/asm/Ydg.dart:85 inside `[closure] void <anonymous closure>(dynamic, ByteData?)` (function entry 0x5169a8), instruction `//     0x516a38: bl              #0x17d558`",output/blutter/asm/Ydg.dart:85,"file output/blutter/asm/Ydg.dart, class _NS, function at 0x5169a8"
E0297,CH-11,0,L5,dart_call,libapp.so,0x516a4c,"_NS::[closure] void <anonymous closure>(dynamic, ByteData?)",bl #0x554734  ; StackOverflowSharedWithoutFPURegsStub,libapp.so,0x554734,StackOverflowSharedWithoutFPURegsStub,blutter's inline stub comment in the same listing,proven,"output/blutter/asm/Ydg.dart:94 inside `[closure] void <anonymous closure>(dynamic, ByteData?)` (function entry 0x5169a8), instruction `//     0x516a4c: bl              #0x554734  ; StackOverflowSharedWithoutFPURegsStub`",output/blutter/asm/Ydg.dart:94,"file output/blutter/asm/Ydg.dart, class _NS, function at 0x5169a8"
E0298,CH-11,0,L5,dart_tail_call,libapp.so,0x516a50,"_NS::[closure] void <anonymous closure>(dynamic, ByteData?)",b #0x5169cc,libapp.so,0x5169cc,Ydg__NS::_anon_closure_5169a8,inside the function blutter names at 0x5169a8 (add_func range),strong,"output/blutter/asm/Ydg.dart:95 inside `[closure] void <anonymous closure>(dynamic, ByteData?)` (function entry 0x5169a8), instruction `// 0x516a50: b               #0x5169cc`",output/blutter/asm/Ydg.dart:95,"file output/blutter/asm/Ydg.dart, class _NS, function at 0x5169a8"
E0227,CH-11,0,L5,dart_call,libapp.so,0x5175c0,"VR::VR +(VR, VR)",bl #0x517614  ; IsType_VR_Stub,libapp.so,0x517614,IsType_VR_Stub,blutter's inline stub comment in the same listing,proven,"output/blutter/asm/Qdg.dart:102 inside `VR +(VR, VR)` (function entry 0x51757c), instruction `//     0x5175c0: bl              #0x517614  ; IsType_VR_Stub`",output/blutter/asm/Qdg.dart:102,"file output/blutter/asm/Qdg.dart, class VR, function at 0x51757c"
E0228,CH-11,0,L5,dart_call,libapp.so,0x5175cc,"VR::VR +(VR, VR)",bl #0x1a6d04,libapp.so,0x1a6d04,0x1a6d04,(unresolved) no symbol in the committed dump covers this code address,candidate,"output/blutter/asm/Qdg.dart:106 inside `VR +(VR, VR)` (function entry 0x51757c), instruction `//     0x5175cc: bl              #0x1a6d04`",output/blutter/asm/Qdg.dart:106,"file output/blutter/asm/Qdg.dart, class VR, function at 0x51757c"
E0229,CH-11,0,L5,dart_call,libapp.so,0x5175dc,"VR::VR +(VR, VR)",bl #0x554734  ; StackOverflowSharedWithoutFPURegsStub,libapp.so,0x554734,StackOverflowSharedWithoutFPURegsStub,blutter's inline stub comment in the same listing,proven,"output/blutter/asm/Qdg.dart:113 inside `VR +(VR, VR)` (function entry 0x51757c), instruction `//     0x5175dc: bl              #0x554734  ; StackOverflowSharedWithoutFPURegsStub`",output/blutter/asm/Qdg.dart:113,"file output/blutter/asm/Qdg.dart, class VR, function at 0x51757c"
E0230,CH-11,0,L5,dart_tail_call,libapp.so,0x5175e0,"VR::VR +(VR, VR)",b #0x517590,libapp.so,0x517590,Qdg_VR::op_add_51757c,inside the function blutter names at 0x51757c (add_func range),strong,"output/blutter/asm/Qdg.dart:114 inside `VR +(VR, VR)` (function entry 0x51757c), instruction `// 0x5175e0: b               #0x517590`",output/blutter/asm/Qdg.dart:114,"file output/blutter/asm/Qdg.dart, class VR, function at 0x51757c"
E0668,CH-11,0,L5,dart_call,libapp.so,0x5189a8,"_qba::[closure] Future<Null> <anonymous closure>(dynamic, dynamic) async",bl #0x519270  ; InitAsyncStub,libapp.so,0x519270,InitAsyncStub,blutter's inline stub comment in the same listing,proven,"output/blutter/asm/zfg.dart:93 inside `[closure] Future<Null> <anonymous closure>(dynamic, dynamic) async` (function entry 0x518970), instruction `//     0x5189a8: bl              #0x519270  ; InitAsyncStub`",output/blutter/asm/zfg.dart:93,"file output/blutter/asm/zfg.dart, class _qba, function at 0x518970"
E0669,CH-11,0,L5,dart_call,libapp.so,0x5189d0,"_qba::[closure] Future<Null> <anonymous closure>(dynamic, dynamic) async",bl #0x1afcac,libapp.so,0x1afcac,0x1afcac,(unresolved) no symbol in the committed dump covers this code address,candidate,"output/blutter/asm/zfg.dart:110 inside `[closure] Future<Null> <anonymous closure>(dynamic, dynamic) async` (function entry 0x518970), instruction `//     0x5189d0: bl              #0x1afcac`",output/blutter/asm/zfg.dart:110,"file output/blutter/asm/zfg.dart, class _qba, function at 0x518970"
E0670,CH-11,0,L5,dart_call,libapp.so,0x5189dc,"_qba::[closure] Future<Null> <anonymous closure>(dynamic, dynamic) async",bl #0x518e60  ; AwaitStub,libapp.so,0x518e60,AwaitStub,blutter's inline stub comment in the same listing,proven,"output/blutter/asm/zfg.dart:114 inside `[closure] Future<Null> <anonymous closure>(dynamic, dynamic) async` (function entry 0x518970), instruction `//     0x5189dc: bl              #0x518e60  ; AwaitStub`",output/blutter/asm/zfg.dart:114,"file output/blutter/asm/zfg.dart, class _qba, function at 0x518970"
E0671,CH-11,0,L5,dart_call,libapp.so,0x5189f8,"_qba::[closure] Future<Null> <anonymous closure>(dynamic, dynamic) async",bl #0x1afb34,libapp.so,0x1afb34,0x1afb34,(unresolved) no symbol in the committed dump covers this code address,candidate,"output/blutter/asm/zfg.dart:124 inside `[closure] Future<Null> <anonymous closure>(dynamic, dynamic) async` (function entry 0x518970), instruction `//     0x5189f8: bl              #0x1afb34`",output/blutter/asm/zfg.dart:124,"file output/blutter/asm/zfg.dart, class _qba, function at 0x518970"
E0672,CH-11,0,L5,dart_call,libapp.so,0x518a04,"_qba::[closure] Future<Null> <anonymous closure>(dynamic, dynamic) async",bl #0x518a18  ; [] ::__unknown_function__,libapp.so,0x518a18,[] ::__unknown_function__,blutter's inline stub comment in the same listing,proven,"output/blutter/asm/zfg.dart:129 inside `[closure] Future<Null> <anonymous closure>(dynamic, dynamic) async` (function entry 0x518970), instruction `//     0x518a04: bl              #0x518a18  ; [] ::__unknown_function__`",output/blutter/asm/zfg.dart:129,"file output/blutter/asm/zfg.dart, class _qba, function at 0x518970"
E0673,CH-11,0,L5,dart_tail_call,libapp.so,0x518a0c,"_qba::[closure] Future<Null> <anonymous closure>(dynamic, dynamic) async",b #0x519244  ; ReturnAsyncNotFutureStub,libapp.so,0x519244,ReturnAsyncNotFutureStub,blutter's inline stub comment in the same listing,proven,"output/blutter/asm/zfg.dart:133 inside `[closure] Future<Null> <anonymous closure>(dynamic, dynamic) async` (function entry 0x518970), instruction `//     0x518a0c: b               #0x519244  ; ReturnAsyncNotFutureStub`",output/blutter/asm/zfg.dart:133,"file output/blutter/asm/zfg.dart, class _qba, function at 0x518970"
E0674,CH-11,0,L5,dart_call,libapp.so,0x518a10,"_qba::[closure] Future<Null> <anonymous closure>(dynamic, dynamic) async",bl #0x554734  ; StackOverflowSharedWithoutFPURegsStub,libapp.so,0x554734,StackOverflowSharedWithoutFPURegsStub,blutter's inline stub comment in the same listing,proven,"output/blutter/asm/zfg.dart:135 inside `[closure] Future<Null> <anonymous closure>(dynamic, dynamic) async` (function entry 0x518970), instruction `//     0x518a10: bl              #0x554734  ; StackOverflowSharedWithoutFPURegsStub`",output/blutter/asm/zfg.dart:135,"file output/blutter/asm/zfg.dart, class _qba, function at 0x518970"
E0675,CH-11,0,L5,dart_tail_call,libapp.so,0x518a14,"_qba::[closure] Future<Null> <anonymous closure>(dynamic, dynamic) async",b #0x5189a4,libapp.so,0x5189a4,zfg__qba::_anon_closure_518970,inside the function blutter names at 0x518970 (add_func range),strong,"output/blutter/asm/zfg.dart:136 inside `[closure] Future<Null> <anonymous closure>(dynamic, dynamic) async` (function entry 0x518970), instruction `// 0x518a14: b               #0x5189a4`",output/blutter/asm/zfg.dart:136,"file output/blutter/asm/zfg.dart, class _qba, function at 0x518970"
E0475,CH-11,0,L5,dart_call,libapp.so,0x51a56c,"VK::VK -(VK, VK)",bl #0x5523c0  ; DefaultTypeTestStub,libapp.so,0x5523c0,DefaultTypeTestStub,blutter's inline stub comment in the same listing,proven,"output/blutter/asm/jcg.dart:54 inside `VK -(VK, VK)` (function entry 0x51a524), instruction `//     0x51a56c: bl              #0x5523c0  ; DefaultTypeTestStub`",output/blutter/asm/jcg.dart:54,"file output/blutter/asm/jcg.dart, class VK, function at 0x51a524"
E0476,CH-11,0,L5,dart_call,libapp.so,0x51a578,"VK::VK -(VK, VK)",bl #0x1cfba0,libapp.so,0x1cfba0,0x1cfba0,(unresolved) no symbol in the committed dump covers this code address,candidate,"output/blutter/asm/jcg.dart:58 inside `VK -(VK, VK)` (function entry 0x51a524), instruction `//     0x51a578: bl              #0x1cfba0`",output/blutter/asm/jcg.dart:58,"file output/blutter/asm/jcg.dart, class VK, function at 0x51a524"
E0477,CH-11,0,L5,dart_call,libapp.so,0x51a588,"VK::VK -(VK, VK)",bl #0x554734  ; StackOverflowSharedWithoutFPURegsStub,libapp.so,0x554734,StackOverflowSharedWithoutFPURegsStub,blutter's inline stub comment in the same listing,proven,"output/blutter/asm/jcg.dart:65 inside `VK -(VK, VK)` (function entry 0x51a524), instruction `//     0x51a588: bl              #0x554734  ; StackOverflowSharedWithoutFPURegsStub`",output/blutter/asm/jcg.dart:65,"file output/blutter/asm/jcg.dart, class VK, function at 0x51a524"
E0478,CH-11,0,L5,dart_tail_call,libapp.so,0x51a58c,"VK::VK -(VK, VK)",b #0x51a538,libapp.so,0x51a538,jcg_VK::op_sub_51a524,inside the function blutter names at 0x51a524 (add_func range),strong,"output/blutter/asm/jcg.dart:66 inside `VK -(VK, VK)` (function entry 0x51a524), instruction `// 0x51a58c: b               #0x51a538`",output/blutter/asm/jcg.dart:66,"file output/blutter/asm/jcg.dart, class VK, function at 0x51a524"
E0479,CH-11,0,L5,dart_call,libapp.so,0x51a5fc,"VK::VK +(VK, VK)",bl #0x5523c0  ; DefaultTypeTestStub,libapp.so,0x5523c0,DefaultTypeTestStub,blutter's inline stub comment in the same listing,proven,"output/blutter/asm/jcg.dart:98 inside `VK +(VK, VK)` (function entry 0x51a5b4), instruction `//     0x51a5fc: bl              #0x5523c0  ; DefaultTypeTestStub`",output/blutter/asm/jcg.dart:98,"file output/blutter/asm/jcg.dart, class VK, function at 0x51a5b4"
E0480,CH-11,0,L5,dart_call,libapp.so,0x51a608,"VK::VK +(VK, VK)",bl #0x1cfbec,libapp.so,0x1cfbec,0x1cfbec,(unresolved) no symbol in the committed dump covers this code address,candidate,"output/blutter/asm/jcg.dart:102 inside `VK +(VK, VK)` (function entry 0x51a5b4), instruction `//     0x51a608: bl              #0x1cfbec`",output/blutter/asm/jcg.dart:102,"file output/blutter/asm/jcg.dart, class VK, function at 0x51a5b4"
E0481,CH-11,0,L5,dart_call,libapp.so,0x51a618,"VK::VK +(VK, VK)",bl #0x554734  ; StackOverflowSharedWithoutFPURegsStub,libapp.so,0x554734,StackOverflowSharedWithoutFPURegsStub,blutter's inline stub comment in the same listing,proven,"output/blutter/asm/jcg.dart:109 inside `VK +(VK, VK)` (function entry 0x51a5b4), instruction `//     0x51a618: bl              #0x554734  ; StackOverflowSharedWithoutFPURegsStub`",output/blutter/asm/jcg.dart:109,"file output/blutter/asm/jcg.dart, class VK, function at 0x51a5b4"
E0482,CH-11,0,L5,dart_tail_call,libapp.so,0x51a61c,"VK::VK +(VK, VK)",b #0x51a5c8,libapp.so,0x51a5c8,jcg_VK::op_add_51a5b4,inside the function blutter names at 0x51a5b4 (add_func range),strong,"output/blutter/asm/jcg.dart:110 inside `VK +(VK, VK)` (function entry 0x51a5b4), instruction `// 0x51a61c: b               #0x51a5c8`",output/blutter/asm/jcg.dart:110,"file output/blutter/asm/jcg.dart, class VK, function at 0x51a5b4"
E0483,CH-11,0,L5,dart_call,libapp.so,0x51a658,"VK::VK *(VK, double)",bl #0x4c3b04,libapp.so,0x4c3b04,0x4c3b04,(unresolved) no symbol in the committed dump covers this code address,candidate,"output/blutter/asm/jcg.dart:126 inside `VK *(VK, double)` (function entry 0x51a638), instruction `//     0x51a658: bl              #0x4c3b04`",output/blutter/asm/jcg.dart:126,"file output/blutter/asm/jcg.dart, class VK, function at 0x51a638"
E0484,CH-11,0,L5,dart_call,libapp.so,0x51a668,"VK::VK *(VK, double)",bl #0x554734  ; StackOverflowSharedWithoutFPURegsStub,libapp.so,0x554734,StackOverflowSharedWithoutFPURegsStub,blutter's inline stub comment in the same listing,proven,"output/blutter/asm/jcg.dart:133 inside `VK *(VK, double)` (function entry 0x51a638), instruction `//     0x51a668: bl              #0x554734  ; StackOverflowSharedWithoutFPURegsStub`",output/blutter/asm/jcg.dart:133,"file output/blutter/asm/jcg.dart, class VK, function at 0x51a638"
E0485,CH-11,0,L5,dart_tail_call,libapp.so,0x51a66c,"VK::VK *(VK, double)",b #0x51a64c,libapp.so,0x51a64c,jcg_VK::op_mul_51a638,inside the function blutter names at 0x51a638 (add_func range),strong,"output/blutter/asm/jcg.dart:134 inside `VK *(VK, double)` (function entry 0x51a638), instruction `// 0x51a66c: b               #0x51a64c`",output/blutter/asm/jcg.dart:134,"file output/blutter/asm/jcg.dart, class VK, function at 0x51a638"
E0486,CH-11,0,L5,dart_call,libapp.so,0x51a6d0,"UK::UK -(UK, UK)",bl #0x5523c0  ; DefaultTypeTestStub,libapp.so,0x5523c0,DefaultTypeTestStub,blutter's inline stub comment in the same listing,proven,"output/blutter/asm/jcg.dart:175 inside `UK -(UK, UK)` (function entry 0x51a688), instruction `//     0x51a6d0: bl              #0x5523c0  ; DefaultTypeTestStub`",output/blutter/asm/jcg.dart:175,"file output/blutter/asm/jcg.dart, class UK, function at 0x51a688"
E0487,CH-11,0,L5,dart_call,libapp.so,0x51a6dc,"UK::UK -(UK, UK)",bl #0x1d0144,libapp.so,0x1d0144,0x1d0144,(unresolved) no symbol in the committed dump covers this code address,candidate,"output/blutter/asm/jcg.dart:179 inside `UK -(UK, UK)` (function entry 0x51a688), instruction `//     0x51a6dc: bl              #0x1d0144`",output/blutter/asm/jcg.dart:179,"file output/blutter/asm/jcg.dart, class UK, function at 0x51a688"
E0488,CH-11,0,L5,dart_call,libapp.so,0x51a6ec,"UK::UK -(UK, UK)",bl #0x554734  ; StackOverflowSharedWithoutFPURegsStub,libapp.so,0x554734,StackOverflowSharedWithoutFPURegsStub,blutter's inline stub comment in the same listing,proven,"output/blutter/asm/jcg.dart:186 inside `UK -(UK, UK)` (function entry 0x51a688), instruction `//     0x51a6ec: bl              #0x554734  ; StackOverflowSharedWithoutFPURegsStub`",output/blutter/asm/jcg.dart:186,"file output/blutter/asm/jcg.dart, class UK, function at 0x51a688"
E0489,CH-11,0,L5,dart_tail_call,libapp.so,0x51a6f0,"UK::UK -(UK, UK)",b #0x51a69c,libapp.so,0x51a69c,jcg_UK::op_sub_51a688,inside the function blutter names at 0x51a688 (add_func range),strong,"output/blutter/asm/jcg.dart:187 inside `UK -(UK, UK)` (function entry 0x51a688), instruction `// 0x51a6f0: b               #0x51a69c`",output/blutter/asm/jcg.dart:187,"file output/blutter/asm/jcg.dart, class UK, function at 0x51a688"
E0490,CH-11,0,L5,dart_call,libapp.so,0x51a738,"UK::UK *(UK, double)",bl #0x4c3ac0,libapp.so,0x4c3ac0,0x4c3ac0,(unresolved) no symbol in the committed dump covers this code address,candidate,"output/blutter/asm/jcg.dart:203 inside `UK *(UK, double)` (function entry 0x51a718), instruction `//     0x51a738: bl              #0x4c3ac0`",output/blutter/asm/jcg.dart:203,"file output/blutter/asm/jcg.dart, class UK, function at 0x51a718"
E0491,CH-11,0,L5,dart_call,libapp.so,0x51a748,"UK::UK *(UK, double)",bl #0x554734  ; StackOverflowSharedWithoutFPURegsStub,libapp.so,0x554734,StackOverflowSharedWithoutFPURegsStub,blutter's inline stub comment in the same listing,proven,"output/blutter/asm/jcg.dart:210 inside `UK *(UK, double)` (function entry 0x51a718), instruction `//     0x51a748: bl              #0x554734  ; StackOverflowSharedWithoutFPURegsStub`",output/blutter/asm/jcg.dart:210,"file output/blutter/asm/jcg.dart, class UK, function at 0x51a718"
E0492,CH-11,0,L5,dart_tail_call,libapp.so,0x51a74c,"UK::UK *(UK, double)",b #0x51a72c,libapp.so,0x51a72c,jcg_UK::op_mul_51a718,inside the function blutter names at 0x51a718 (add_func range),strong,"output/blutter/asm/jcg.dart:211 inside `UK *(UK, double)` (function entry 0x51a718), instruction `// 0x51a74c: b               #0x51a72c`",output/blutter/asm/jcg.dart:211,"file output/blutter/asm/jcg.dart, class UK, function at 0x51a718"
E0493,CH-11,0,L5,dart_call,libapp.so,0x51a7b0,"UK::UK +(UK, UK)",bl #0x5523c0  ; DefaultTypeTestStub,libapp.so,0x5523c0,DefaultTypeTestStub,blutter's inline stub comment in the same listing,proven,"output/blutter/asm/jcg.dart:243 inside `UK +(UK, UK)` (function entry 0x51a768), instruction `//     0x51a7b0: bl              #0x5523c0  ; DefaultTypeTestStub`",output/blutter/asm/jcg.dart:243,"file output/blutter/asm/jcg.dart, class UK, function at 0x51a768"
E0494,CH-11,0,L5,dart_call,libapp.so,0x51a7bc,"UK::UK +(UK, UK)",bl #0x1d0190,libapp.so,0x1d0190,0x1d0190,(unresolved) no symbol in the committed dump covers this code address,candidate,"output/blutter/asm/jcg.dart:247 inside `UK +(UK, UK)` (function entry 0x51a768), instruction `//     0x51a7bc: bl              #0x1d0190`",output/blutter/asm/jcg.dart:247,"file output/blutter/asm/jcg.dart, class UK, function at 0x51a768"
E0495,CH-11,0,L5,dart_call,libapp.so,0x51a7cc,"UK::UK +(UK, UK)",bl #0x554734  ; StackOverflowSharedWithoutFPURegsStub,libapp.so,0x554734,StackOverflowSharedWithoutFPURegsStub,blutter's inline stub comment in the same listing,proven,"output/blutter/asm/jcg.dart:254 inside `UK +(UK, UK)` (function entry 0x51a768), instruction `//     0x51a7cc: bl              #0x554734  ; StackOverflowSharedWithoutFPURegsStub`",output/blutter/asm/jcg.dart:254,"file output/blutter/asm/jcg.dart, class UK, function at 0x51a768"
E0496,CH-11,0,L5,dart_tail_call,libapp.so,0x51a7d0,"UK::UK +(UK, UK)",b #0x51a77c,libapp.so,0x51a77c,jcg_UK::op_add_51a768,inside the function blutter names at 0x51a768 (add_func range),strong,"output/blutter/asm/jcg.dart:255 inside `UK +(UK, UK)` (function entry 0x51a768), instruction `// 0x51a7d0: b               #0x51a77c`",output/blutter/asm/jcg.dart:255,"file output/blutter/asm/jcg.dart, class UK, function at 0x51a768"
E0646,CH-11,0,L5,dart_call,libapp.so,0x51a84c,"LL::LL -(LL, LL)",bl #0x5523c0  ; DefaultTypeTestStub,libapp.so,0x5523c0,DefaultTypeTestStub,blutter's inline stub comment in the same listing,proven,"output/blutter/asm/ycg.dart:67 inside `LL -(LL, LL)` (function entry 0x51a804), instruction `//     0x51a84c: bl              #0x5523c0  ; DefaultTypeTestStub`",output/blutter/asm/ycg.dart:67,"file output/blutter/asm/ycg.dart, class LL, function at 0x51a804"
E0647,CH-11,0,L5,dart_call,libapp.so,0x51a858,"LL::LL -(LL, LL)",bl #0x1d24c4,libapp.so,0x1d24c4,0x1d24c4,(unresolved) no symbol in the committed dump covers this code address,candidate,"output/blutter/asm/ycg.dart:71 inside `LL -(LL, LL)` (function entry 0x51a804), instruction `//     0x51a858: bl              #0x1d24c4`",output/blutter/asm/ycg.dart:71,"file output/blutter/asm/ycg.dart, class LL, function at 0x51a804"
E0648,CH-11,0,L5,dart_call,libapp.so,0x51a868,"LL::LL -(LL, LL)",bl #0x554734  ; StackOverflowSharedWithoutFPURegsStub,libapp.so,0x554734,StackOverflowSharedWithoutFPURegsStub,blutter's inline stub comment in the same listing,proven,"output/blutter/asm/ycg.dart:78 inside `LL -(LL, LL)` (function entry 0x51a804), instruction `//     0x51a868: bl              #0x554734  ; StackOverflowSharedWithoutFPURegsStub`",output/blutter/asm/ycg.dart:78,"file output/blutter/asm/ycg.dart, class LL, function at 0x51a804"
E0649,CH-11,0,L5,dart_tail_call,libapp.so,0x51a86c,"LL::LL -(LL, LL)",b #0x51a818,libapp.so,0x51a818,ycg_LL::op_sub_51a804,inside the function blutter names at 0x51a804 (add_func range),strong,"output/blutter/asm/ycg.dart:79 inside `LL -(LL, LL)` (function entry 0x51a804), instruction `// 0x51a86c: b               #0x51a818`",output/blutter/asm/ycg.dart:79,"file output/blutter/asm/ycg.dart, class LL, function at 0x51a804"
E0650,CH-11,0,L5,dart_call,libapp.so,0x51a8a8,"LL::LL *(LL, double)",bl #0x4c224c,libapp.so,0x4c224c,0x4c224c,(unresolved) no symbol in the committed dump covers this code address,candidate,"output/blutter/asm/ycg.dart:95 inside `LL *(LL, double)` (function entry 0x51a888), instruction `//     0x51a8a8: bl              #0x4c224c`",output/blutter/asm/ycg.dart:95,"file output/blutter/asm/ycg.dart, class LL, function at 0x51a888"
E0651,CH-11,0,L5,dart_call,libapp.so,0x51a8b8,"LL::LL *(LL, double)",bl #0x554734  ; StackOverflowSharedWithoutFPURegsStub,libapp.so,0x554734,StackOverflowSharedWithoutFPURegsStub,blutter's inline stub comment in the same listing,proven,"output/blutter/asm/ycg.dart:102 inside `LL *(LL, double)` (function entry 0x51a888), instruction `//     0x51a8b8: bl              #0x554734  ; StackOverflowSharedWithoutFPURegsStub`",output/blutter/asm/ycg.dart:102,"file output/blutter/asm/ycg.dart, class LL, function at 0x51a888"
E0652,CH-11,0,L5,dart_tail_call,libapp.so,0x51a8bc,"LL::LL *(LL, double)",b #0x51a89c,libapp.so,0x51a89c,ycg_LL::op_mul_51a888,inside the function blutter names at 0x51a888 (add_func range),strong,"output/blutter/asm/ycg.dart:103 inside `LL *(LL, double)` (function entry 0x51a888), instruction `// 0x51a8bc: b               #0x51a89c`",output/blutter/asm/ycg.dart:103,"file output/blutter/asm/ycg.dart, class LL, function at 0x51a888"
E0653,CH-11,0,L5,dart_call,libapp.so,0x51a920,"LL::LL +(LL, LL)",bl #0x5523c0  ; DefaultTypeTestStub,libapp.so,0x5523c0,DefaultTypeTestStub,blutter's inline stub comment in the same listing,proven,"output/blutter/asm/ycg.dart:135 inside `LL +(LL, LL)` (function entry 0x51a8d8), instruction `//     0x51a920: bl              #0x5523c0  ; DefaultTypeTestStub`",output/blutter/asm/ycg.dart:135,"file output/blutter/asm/ycg.dart, class LL, function at 0x51a8d8"
E0654,CH-11,0,L5,dart_call,libapp.so,0x51a92c,"LL::LL +(LL, LL)",bl #0x1d2540,libapp.so,0x1d2540,0x1d2540,(unresolved) no symbol in the committed dump covers this code address,candidate,"output/blutter/asm/ycg.dart:139 inside `LL +(LL, LL)` (function entry 0x51a8d8), instruction `//     0x51a92c: bl              #0x1d2540`",output/blutter/asm/ycg.dart:139,"file output/blutter/asm/ycg.dart, class LL, function at 0x51a8d8"
E0655,CH-11,0,L5,dart_call,libapp.so,0x51a93c,"LL::LL +(LL, LL)",bl #0x554734  ; StackOverflowSharedWithoutFPURegsStub,libapp.so,0x554734,StackOverflowSharedWithoutFPURegsStub,blutter's inline stub comment in the same listing,proven,"output/blutter/asm/ycg.dart:146 inside `LL +(LL, LL)` (function entry 0x51a8d8), instruction `//     0x51a93c: bl              #0x554734  ; StackOverflowSharedWithoutFPURegsStub`",output/blutter/asm/ycg.dart:146,"file output/blutter/asm/ycg.dart, class LL, function at 0x51a8d8"
E0656,CH-11,0,L5,dart_tail_call,libapp.so,0x51a940,"LL::LL +(LL, LL)",b #0x51a8ec,libapp.so,0x51a8ec,ycg_LL::op_add_51a8d8,inside the function blutter names at 0x51a8d8 (add_func range),strong,"output/blutter/asm/ycg.dart:147 inside `LL +(LL, LL)` (function entry 0x51a8d8), instruction `// 0x51a940: b               #0x51a8ec`",output/blutter/asm/ycg.dart:147,"file output/blutter/asm/ycg.dart, class LL, function at 0x51a8d8"
E0657,CH-11,0,L5,dart_call,libapp.so,0x51a9d4,"KL::KL +(KL, KL)",bl #0x51aacc  ; IsType_KL_Stub,libapp.so,0x51aacc,IsType_KL_Stub,blutter's inline stub comment in the same listing,proven,"output/blutter/asm/ycg.dart:190 inside `KL +(KL, KL)` (function entry 0x51a98c), instruction `//     0x51a9d4: bl              #0x51aacc  ; IsType_KL_Stub`",output/blutter/asm/ycg.dart:190,"file output/blutter/asm/ycg.dart, class KL, function at 0x51a98c"
E0658,CH-11,0,L5,dart_call,libapp.so,0x51a9e0,"KL::KL +(KL, KL)",bl #0x1d2c04,libapp.so,0x1d2c04,0x1d2c04,(unresolved) no symbol in the committed dump covers this code address,candidate,"output/blutter/asm/ycg.dart:194 inside `KL +(KL, KL)` (function entry 0x51a98c), instruction `//     0x51a9e0: bl              #0x1d2c04`",output/blutter/asm/ycg.dart:194,"file output/blutter/asm/ycg.dart, class KL, function at 0x51a98c"
E0659,CH-11,0,L5,dart_call,libapp.so,0x51a9f0,"KL::KL +(KL, KL)",bl #0x554734  ; StackOverflowSharedWithoutFPURegsStub,libapp.so,0x554734,StackOverflowSharedWithoutFPURegsStub,blutter's inline stub comment in the same listing,proven,"output/blutter/asm/ycg.dart:201 inside `KL +(KL, KL)` (function entry 0x51a98c), instruction `//     0x51a9f0: bl              #0x554734  ; StackOverflowSharedWithoutFPURegsStub`",output/blutter/asm/ycg.dart:201,"file output/blutter/asm/ycg.dart, class KL, function at 0x51a98c"
E0660,CH-11,0,L5,dart_tail_call,libapp.so,0x51a9f4,"KL::KL +(KL, KL)",b #0x51a9a0,libapp.so,0x51a9a0,ycg_KL::op_add_51a98c,inside the function blutter names at 0x51a98c (add_func range),strong,"output/blutter/asm/ycg.dart:202 inside `KL +(KL, KL)` (function entry 0x51a98c), instruction `// 0x51a9f4: b               #0x51a9a0`",output/blutter/asm/ycg.dart:202,"file output/blutter/asm/ycg.dart, class KL, function at 0x51a98c"
E0661,CH-11,0,L5,dart_call,libapp.so,0x51aa58,"KL::KL -(KL, KL)",bl #0x51aacc  ; IsType_KL_Stub,libapp.so,0x51aacc,IsType_KL_Stub,blutter's inline stub comment in the same listing,proven,"output/blutter/asm/ycg.dart:234 inside `KL -(KL, KL)` (function entry 0x51aa10), instruction `//     0x51aa58: bl              #0x51aacc  ; IsType_KL_Stub`",output/blutter/asm/ycg.dart:234,"file output/blutter/asm/ycg.dart, class KL, function at 0x51aa10"
E0662,CH-11,0,L5,dart_call,libapp.so,0x51aa64,"KL::KL -(KL, KL)",bl #0x1d2c80,libapp.so,0x1d2c80,0x1d2c80,(unresolved) no symbol in the committed dump covers this code address,candidate,"output/blutter/asm/ycg.dart:238 inside `KL -(KL, KL)` (function entry 0x51aa10), instruction `//     0x51aa64: bl              #0x1d2c80`",output/blutter/asm/ycg.dart:238,"file output/blutter/asm/ycg.dart, class KL, function at 0x51aa10"
E0663,CH-11,0,L5,dart_call,libapp.so,0x51aa74,"KL::KL -(KL, KL)",bl #0x554734  ; StackOverflowSharedWithoutFPURegsStub,libapp.so,0x554734,StackOverflowSharedWithoutFPURegsStub,blutter's inline stub comment in the same listing,proven,"output/blutter/asm/ycg.dart:245 inside `KL -(KL, KL)` (function entry 0x51aa10), instruction `//     0x51aa74: bl              #0x554734  ; StackOverflowSharedWithoutFPURegsStub`",output/blutter/asm/ycg.dart:245,"file output/blutter/asm/ycg.dart, class KL, function at 0x51aa10"
E0664,CH-11,0,L5,dart_tail_call,libapp.so,0x51aa78,"KL::KL -(KL, KL)",b #0x51aa24,libapp.so,0x51aa24,ycg_KL::op_sub_51aa10,inside the function blutter names at 0x51aa10 (add_func range),strong,"output/blutter/asm/ycg.dart:246 inside `KL -(KL, KL)` (function entry 0x51aa10), instruction `// 0x51aa78: b               #0x51aa24`",output/blutter/asm/ycg.dart:246,"file output/blutter/asm/ycg.dart, class KL, function at 0x51aa10"
E0665,CH-11,0,L5,dart_call,libapp.so,0x51aab4,"KL::KL *(KL, double)",bl #0x4c21e0,libapp.so,0x4c21e0,0x4c21e0,(unresolved) no symbol in the committed dump covers this code address,candidate,"output/blutter/asm/ycg.dart:262 inside `KL *(KL, double)` (function entry 0x51aa94), instruction `//     0x51aab4: bl              #0x4c21e0`",output/blutter/asm/ycg.dart:262,"file output/blutter/asm/ycg.dart, class KL, function at 0x51aa94"
E0666,CH-11,0,L5,dart_call,libapp.so,0x51aac4,"KL::KL *(KL, double)",bl #0x554734  ; StackOverflowSharedWithoutFPURegsStub,libapp.so,0x554734,StackOverflowSharedWithoutFPURegsStub,blutter's inline stub comment in the same listing,proven,"output/blutter/asm/ycg.dart:269 inside `KL *(KL, double)` (function entry 0x51aa94), instruction `//     0x51aac4: bl              #0x554734  ; StackOverflowSharedWithoutFPURegsStub`",output/blutter/asm/ycg.dart:269,"file output/blutter/asm/ycg.dart, class KL, function at 0x51aa94"
E0667,CH-11,0,L5,dart_tail_call,libapp.so,0x51aac8,"KL::KL *(KL, double)",b #0x51aaa8,libapp.so,0x51aaa8,ycg_KL::op_mul_51aa94,inside the function blutter names at 0x51aa94 (add_func range),strong,"output/blutter/asm/ycg.dart:270 inside `KL *(KL, double)` (function entry 0x51aa94), instruction `// 0x51aac8: b               #0x51aaa8`",output/blutter/asm/ycg.dart:270,"file output/blutter/asm/ycg.dart, class KL, function at 0x51aa94"
E0343,CH-11,0,L5,dart_call,libapp.so,0x51b094,"Zsa::Zsa +(Zsa, Zsa)",bl #0x5523c0  ; DefaultTypeTestStub,libapp.so,0x5523c0,DefaultTypeTestStub,blutter's inline stub comment in the same listing,proven,"output/blutter/asm/amg.dart:41 inside `Zsa +(Zsa, Zsa)` (function entry 0x51b04c), instruction `//     0x51b094: bl              #0x5523c0  ; DefaultTypeTestStub`",output/blutter/asm/amg.dart:41,"file output/blutter/asm/amg.dart, class Zsa, function at 0x51b04c"
E0344,CH-11,0,L5,dart_call,libapp.so,0x51b0a0,"Zsa::Zsa +(Zsa, Zsa)",bl #0x1db604,libapp.so,0x1db604,0x1db604,(unresolved) no symbol in the committed dump covers this code address,candidate,"output/blutter/asm/amg.dart:45 inside `Zsa +(Zsa, Zsa)` (function entry 0x51b04c), instruction `//     0x51b0a0: bl              #0x1db604`",output/blutter/asm/amg.dart:45,"file output/blutter/asm/amg.dart, class Zsa, function at 0x51b04c"
E0345,CH-11,0,L5,dart_call,libapp.so,0x51b0b0,"Zsa::Zsa +(Zsa, Zsa)",bl #0x554734  ; StackOverflowSharedWithoutFPURegsStub,libapp.so,0x554734,StackOverflowSharedWithoutFPURegsStub,blutter's inline stub comment in the same listing,proven,"output/blutter/asm/amg.dart:52 inside `Zsa +(Zsa, Zsa)` (function entry 0x51b04c), instruction `//     0x51b0b0: bl              #0x554734  ; StackOverflowSharedWithoutFPURegsStub`",output/blutter/asm/amg.dart:52,"file output/blutter/asm/amg.dart, class Zsa, function at 0x51b04c"
E0346,CH-11,0,L5,dart_tail_call,libapp.so,0x51b0b4,"Zsa::Zsa +(Zsa, Zsa)",b #0x51b060,libapp.so,0x51b060,amg_Zsa::op_add_51b04c,inside the function blutter names at 0x51b04c (add_func range),strong,"output/blutter/asm/amg.dart:53 inside `Zsa +(Zsa, Zsa)` (function entry 0x51b04c), instruction `// 0x51b0b4: b               #0x51b060`",output/blutter/asm/amg.dart:53,"file output/blutter/asm/amg.dart, class Zsa, function at 0x51b04c"
E0347,CH-11,0,L5,dart_call,libapp.so,0x51b0f0,"Zsa::Zsa *(Zsa, double)",bl #0x1db7f8,libapp.so,0x1db7f8,0x1db7f8,(unresolved) no symbol in the committed dump covers this code address,candidate,"output/blutter/asm/amg.dart:69 inside `Zsa *(Zsa, double)` (function entry 0x51b0d0), instruction `//     0x51b0f0: bl              #0x1db7f8`",output/blutter/asm/amg.dart:69,"file output/blutter/asm/amg.dart, class Zsa, function at 0x51b0d0"
E0348,CH-11,0,L5,dart_call,libapp.so,0x51b100,"Zsa::Zsa *(Zsa, double)",bl #0x554734  ; StackOverflowSharedWithoutFPURegsStub,libapp.so,0x554734,StackOverflowSharedWithoutFPURegsStub,blutter's inline stub comment in the same listing,proven,"output/blutter/asm/amg.dart:76 inside `Zsa *(Zsa, double)` (function entry 0x51b0d0), instruction `//     0x51b100: bl              #0x554734  ; StackOverflowSharedWithoutFPURegsStub`",output/blutter/asm/amg.dart:76,"file output/blutter/asm/amg.dart, class Zsa, function at 0x51b0d0"
E0349,CH-11,0,L5,dart_tail_call,libapp.so,0x51b104,"Zsa::Zsa *(Zsa, double)",b #0x51b0e4,libapp.so,0x51b0e4,amg_Zsa::op_mul_51b0d0,inside the function blutter names at 0x51b0d0 (add_func range),strong,"output/blutter/asm/amg.dart:77 inside `Zsa *(Zsa, double)` (function entry 0x51b0d0), instruction `// 0x51b104: b               #0x51b0e4`",output/blutter/asm/amg.dart:77,"file output/blutter/asm/amg.dart, class Zsa, function at 0x51b0d0"
E0350,CH-11,0,L5,dart_call,libapp.so,0x51b168,"Zsa::Zsa -(Zsa, Zsa)",bl #0x5523c0  ; DefaultTypeTestStub,libapp.so,0x5523c0,DefaultTypeTestStub,blutter's inline stub comment in the same listing,proven,"output/blutter/asm/amg.dart:109 inside `Zsa -(Zsa, Zsa)` (function entry 0x51b120), instruction `//     0x51b168: bl              #0x5523c0  ; DefaultTypeTestStub`",output/blutter/asm/amg.dart:109,"file output/blutter/asm/amg.dart, class Zsa, function at 0x51b120"
E0351,CH-11,0,L5,dart_call,libapp.so,0x51b174,"Zsa::Zsa -(Zsa, Zsa)",bl #0x1db8c8,libapp.so,0x1db8c8,0x1db8c8,(unresolved) no symbol in the committed dump covers this code address,candidate,"output/blutter/asm/amg.dart:113 inside `Zsa -(Zsa, Zsa)` (function entry 0x51b120), instruction `//     0x51b174: bl              #0x1db8c8`",output/blutter/asm/amg.dart:113,"file output/blutter/asm/amg.dart, class Zsa, function at 0x51b120"
E0352,CH-11,0,L5,dart_call,libapp.so,0x51b184,"Zsa::Zsa -(Zsa, Zsa)",bl #0x554734  ; StackOverflowSharedWithoutFPURegsStub,libapp.so,0x554734,StackOverflowSharedWithoutFPURegsStub,blutter's inline stub comment in the same listing,proven,"output/blutter/asm/amg.dart:120 inside `Zsa -(Zsa, Zsa)` (function entry 0x51b120), instruction `//     0x51b184: bl              #0x554734  ; StackOverflowSharedWithoutFPURegsStub`",output/blutter/asm/amg.dart:120,"file output/blutter/asm/amg.dart, class Zsa, function at 0x51b120"
E0353,CH-11,0,L5,dart_tail_call,libapp.so,0x51b188,"Zsa::Zsa -(Zsa, Zsa)",b #0x51b134,libapp.so,0x51b134,amg_Zsa::op_sub_51b120,inside the function blutter names at 0x51b120 (add_func range),strong,"output/blutter/asm/amg.dart:121 inside `Zsa -(Zsa, Zsa)` (function entry 0x51b120), instruction `// 0x51b188: b               #0x51b134`",output/blutter/asm/amg.dart:121,"file output/blutter/asm/amg.dart, class Zsa, function at 0x51b120"
E0354,CH-11,0,L5,dart_call,libapp.so,0x51b1dc,"Zsa::double [](Zsa, int)",bl #0x55b758  ; IsType_int_Stub,libapp.so,0x55b758,IsType_int_Stub,blutter's inline stub comment in the same listing,proven,"output/blutter/asm/amg.dart:147 inside `double [](Zsa, int)` (function entry 0x51b1a4), instruction `//     0x51b1dc: bl              #0x55b758  ; IsType_int_Stub`",output/blutter/asm/amg.dart:147,"file output/blutter/asm/amg.dart, class Zsa, function at 0x51b1a4"
E0355,CH-11,0,L5,dart_call,libapp.so,0x51b24c,"Zsa::double [](Zsa, int)",bl #0x554b7c  ; RangeErrorSharedWithoutFPURegsStub,libapp.so,0x554b7c,RangeErrorSharedWithoutFPURegsStub,blutter's inline stub comment in the same listing,proven,"output/blutter/asm/amg.dart:186 inside `double [](Zsa, int)` (function entry 0x51b1a4), instruction `//     0x51b24c: bl              #0x554b7c  ; RangeErrorSharedWithoutFPURegsStub`",output/blutter/asm/amg.dart:186,"file output/blutter/asm/amg.dart, class Zsa, function at 0x51b1a4"
E0356,CH-11,0,L5,dart_call,libapp.so,0x51b254,"Zsa::double [](Zsa, int)",bl #0x554584  ; AllocateDoubleStub,libapp.so,0x554584,AllocateDoubleStub,blutter's inline stub comment in the same listing,proven,"output/blutter/asm/amg.dart:190 inside `double [](Zsa, int)` (function entry 0x51b1a4), instruction `//     0x51b254: bl              #0x554584  ; AllocateDoubleStub`",output/blutter/asm/amg.dart:190,"file output/blutter/asm/amg.dart, class Zsa, function at 0x51b1a4"
E0357,CH-11,0,L5,dart_tail_call,libapp.so,0x51b25c,"Zsa::double [](Zsa, int)",b #0x51b23c,libapp.so,0x51b23c,amg_Zsa::op_at_51b1a4,inside the function blutter names at 0x51b1a4 (add_func range),strong,"output/blutter/asm/amg.dart:193 inside `double [](Zsa, int)` (function entry 0x51b1a4), instruction `// 0x51b25c: b               #0x51b23c`",output/blutter/asm/amg.dart:193,"file output/blutter/asm/amg.dart, class Zsa, function at 0x51b1a4"
E0299,CH-11,0,L5,dart_call,libapp.so,0x51c054,"_NS::[closure] Future<void> <anonymous closure>(dynamic, ByteData?, (dynamic, ByteData?) => void) async",bl #0x519270  ; InitAsyncStub,libapp.so,0x519270,InitAsyncStub,blutter's inline stub comment in the same listing,proven,"output/blutter/asm/Ydg.dart:125 inside `[closure] Future<void> <anonymous closure>(dynamic, ByteData?, (dynamic, ByteData?) => void) async` (function entry 0x51c000), instruction `//     0x51c054: bl              #0x519270  ; InitAsyncStub`",output/blutter/asm/Ydg.dart:125,"file output/blutter/asm/Ydg.dart, class _NS, function at 0x51c000"
E0300,CH-11,0,L5,dart_call,libapp.so,0x51c08c,"_NS::[closure] Future<void> <anonymous closure>(dynamic, ByteData?, (dynamic, ByteData?) => void) async",bl #0x514480  ; AwaitWithTypeCheckStub,libapp.so,0x514480,AwaitWithTypeCheckStub,blutter's inline stub comment in the same listing,proven,"output/blutter/asm/Ydg.dart:144 inside `[closure] Future<void> <anonymous closure>(dynamic, ByteData?, (dynamic, ByteData?) => void) async` (function entry 0x51c000), instruction `//     0x51c08c: bl              #0x514480  ; AwaitWithTypeCheckStub`",output/blutter/asm/Ydg.dart:144,"file output/blutter/asm/Ydg.dart, class _NS, function at 0x51c000"
E0301,CH-11,0,L5,dart_tail_call,libapp.so,0x51c094,"_NS::[closure] Future<void> <anonymous closure>(dynamic, ByteData?, (dynamic, ByteData?) => void) async",b #0x51c0f8,libapp.so,0x51c0f8,Ydg__NS::_anon_closure_51c000,inside the function blutter names at 0x51c000 (add_func range),strong,"output/blutter/asm/Ydg.dart:146 inside `[closure] Future<void> <anonymous closure>(dynamic, ByteData?, (dynamic, ByteData?) => void) async` (function entry 0x51c000), instruction `// 0x51c094: b               #0x51c0f8`",output/blutter/asm/Ydg.dart:146,"file output/blutter/asm/Ydg.dart, class _NS, function at 0x51c000"
E0302,CH-11,0,L5,dart_call,libapp.so,0x51c0b0,"_NS::[closure] Future<void> <anonymous closure>(dynamic, ByteData?, (dynamic, ByteData?) => void) async",bl #0x5136ac  ; AllocatedxStub -> dx (size=0x2c),libapp.so,0x5136ac,AllocatedxStub -> dx (size=0x2c),blutter's inline stub comment in the same listing,proven,"output/blutter/asm/Ydg.dart:155 inside `[closure] Future<void> <anonymous closure>(dynamic, ByteData?, (dynamic, ByteData?) => void) async` (function entry 0x51c000), instruction `//     0x51c0b0: bl              #0x5136ac  ; AllocatedxStub -> dx (size=0x2c)`",output/blutter/asm/Ydg.dart:155,"file output/blutter/asm/Ydg.dart, class _NS, function at 0x51c000"
E0303,CH-11,0,L5,dart_call,libapp.so,0x51c0c4,"_NS::[closure] Future<void> <anonymous closure>(dynamic, ByteData?, (dynamic, ByteData?) => void) async",bl #0x19ac78,libapp.so,0x19ac78,0x19ac78,(unresolved) no symbol in the committed dump covers this code address,candidate,"output/blutter/asm/Ydg.dart:163 inside `[closure] Future<void> <anonymous closure>(dynamic, ByteData?, (dynamic, ByteData?) => void) async` (function entry 0x51c000), instruction `//     0x51c0c4: bl              #0x19ac78`",output/blutter/asm/Ydg.dart:163,"file output/blutter/asm/Ydg.dart, class _NS, function at 0x51c000"
E0304,CH-11,0,L5,dart_call,libapp.so,0x51c0c8,"_NS::[closure] Future<void> <anonymous closure>(dynamic, ByteData?, (dynamic, ByteData?) => void) async",bl #0x513784  ; AllocatehxStub -> hx (size=0x14),libapp.so,0x513784,AllocatehxStub -> hx (size=0x14),blutter's inline stub comment in the same listing,proven,"output/blutter/asm/Ydg.dart:165 inside `[closure] Future<void> <anonymous closure>(dynamic, ByteData?, (dynamic, ByteData?) => void) async` (function entry 0x51c000), instruction `//     0x51c0c8: bl              #0x513784  ; AllocatehxStub -> hx (size=0x14)`",output/blutter/asm/Ydg.dart:165,"file output/blutter/asm/Ydg.dart, class _NS, function at 0x51c000"
E0305,CH-11,0,L5,dart_call,libapp.so,0x51c0e8,"_NS::[closure] Future<void> <anonymous closure>(dynamic, ByteData?, (dynamic, ByteData?) => void) async",bl #0x17d558,libapp.so,0x17d558,0x17d558,(unresolved) no symbol in the committed dump covers this code address,candidate,"output/blutter/asm/Ydg.dart:178 inside `[closure] Future<void> <anonymous closure>(dynamic, ByteData?, (dynamic, ByteData?) => void) async` (function entry 0x51c000), instruction `//     0x51c0e8: bl              #0x17d558`",output/blutter/asm/Ydg.dart:178,"file output/blutter/asm/Ydg.dart, class _NS, function at 0x51c000"
E0306,CH-11,0,L5,dart_tail_call,libapp.so,0x51c118,"_NS::[closure] Future<void> <anonymous closure>(dynamic, ByteData?, (dynamic, ByteData?) => void) async",b #0x519244  ; ReturnAsyncNotFutureStub,libapp.so,0x519244,ReturnAsyncNotFutureStub,blutter's inline stub comment in the same listing,proven,"output/blutter/asm/Ydg.dart:194 inside `[closure] Future<void> <anonymous closure>(dynamic, ByteData?, (dynamic, ByteData?) => void) async` (function entry 0x51c000), instruction `//     0x51c118: b               #0x519244  ; ReturnAsyncNotFutureStub`",output/blutter/asm/Ydg.dart:194,"file output/blutter/asm/Ydg.dart, class _NS, function at 0x51c000"
E0307,CH-11,0,L5,dart_call,libapp.so,0x51c150,"_NS::[closure] Future<void> <anonymous closure>(dynamic, ByteData?, (dynamic, ByteData?) => void) async",bl #0x5527b0  ; ReThrowStub,libapp.so,0x5527b0,ReThrowStub,blutter's inline stub comment in the same listing,proven,"output/blutter/asm/Ydg.dart:210 inside `[closure] Future<void> <anonymous closure>(dynamic, ByteData?, (dynamic, ByteData?) => void) async` (function entry 0x51c000), instruction `//     0x51c150: bl              #0x5527b0  ; ReThrowStub`",output/blutter/asm/Ydg.dart:210,"file output/blutter/asm/Ydg.dart, class _NS, function at 0x51c000"
E0308,CH-11,0,L5,dart_call,libapp.so,0x51c158,"_NS::[closure] Future<void> <anonymous closure>(dynamic, ByteData?, (dynamic, ByteData?) => void) async",bl #0x554734  ; StackOverflowSharedWithoutFPURegsStub,libapp.so,0x554734,StackOverflowSharedWithoutFPURegsStub,blutter's inline stub comment in the same listing,proven,"output/blutter/asm/Ydg.dart:213 inside `[closure] Future<void> <anonymous closure>(dynamic, ByteData?, (dynamic, ByteData?) => void) async` (function entry 0x51c000), instruction `//     0x51c158: bl              #0x554734  ; StackOverflowSharedWithoutFPURegsStub`",output/blutter/asm/Ydg.dart:213,"file output/blutter/asm/Ydg.dart, class _NS, function at 0x51c000"
E0309,CH-11,0,L5,dart_tail_call,libapp.so,0x51c15c,"_NS::[closure] Future<void> <anonymous closure>(dynamic, ByteData?, (dynamic, ByteData?) => void) async",b #0x51c050,libapp.so,0x51c050,Ydg__NS::_anon_closure_51c000,inside the function blutter names at 0x51c000 (add_func range),strong,"output/blutter/asm/Ydg.dart:214 inside `[closure] Future<void> <anonymous closure>(dynamic, ByteData?, (dynamic, ByteData?) => void) async` (function entry 0x51c000), instruction `// 0x51c15c: b               #0x51c050`",output/blutter/asm/Ydg.dart:214,"file output/blutter/asm/Ydg.dart, class _NS, function at 0x51c000"
E0310,CH-11,11,L5,dart_call,libapp.so,0x51c160,"_NS::[closure] Future<void> <anonymous closure>(dynamic, ByteData?, (dynamic, ByteData?) => void) async",bl #0x554e8c  ; NullErrorSharedWithoutFPURegsStub,libapp.so,0x554e8c,NullErrorSharedWithoutFPURegsStub,blutter's inline stub comment in the same listing,proven,"output/blutter/asm/Ydg.dart:216 inside `[closure] Future<void> <anonymous closure>(dynamic, ByteData?, (dynamic, ByteData?) => void) async` (function entry 0x51c000), instruction `//     0x51c160: bl              #0x554e8c  ; NullErrorSharedWithoutFPURegsStub`",output/blutter/asm/Ydg.dart:216,"file output/blutter/asm/Ydg.dart, class _NS, function at 0x51c000"
E0311,CH-11,0,L5,dart_call,libapp.so,0x51c164,"_NS::[closure] Future<void> <anonymous closure>(dynamic, ByteData?, (dynamic, ByteData?) => void) async",bl #0x554e8c  ; NullErrorSharedWithoutFPURegsStub,libapp.so,0x554e8c,NullErrorSharedWithoutFPURegsStub,blutter's inline stub comment in the same listing,proven,"output/blutter/asm/Ydg.dart:218 inside `[closure] Future<void> <anonymous closure>(dynamic, ByteData?, (dynamic, ByteData?) => void) async` (function entry 0x51c000), instruction `//     0x51c164: bl              #0x554e8c  ; NullErrorSharedWithoutFPURegsStub`",output/blutter/asm/Ydg.dart:218,"file output/blutter/asm/Ydg.dart, class _NS, function at 0x51c000"
E0437,CH-11,0,L5,dart_call,libapp.so,0x51e0c8,"gt::et +(gt, et)",bl #0x5523c0  ; DefaultTypeTestStub,libapp.so,0x5523c0,DefaultTypeTestStub,blutter's inline stub comment in the same listing,proven,"output/blutter/asm/dYf.dart:45 inside `et +(gt, et)` (function entry 0x51e08c), instruction `//     0x51e0c8: bl              #0x5523c0  ; DefaultTypeTestStub`",output/blutter/asm/dYf.dart:45,"file output/blutter/asm/dYf.dart, class gt, function at 0x51e08c"
E0438,CH-11,0,L5,dart_call,libapp.so,0x51e0d0,"gt::et +(gt, et)",bl #0x5527dc  ; ThrowStub,libapp.so,0x5527dc,ThrowStub,blutter's inline stub comment in the same listing,proven,"output/blutter/asm/dYf.dart:49 inside `et +(gt, et)` (function entry 0x51e08c), instruction `//     0x51e0d0: bl              #0x5527dc  ; ThrowStub`",output/blutter/asm/dYf.dart:49,"file output/blutter/asm/dYf.dart, class gt, function at 0x51e08c"
E0138,CH-11,0,L5,dart_call,libapp.so,0x51f154,"wU::Map<String, dynamic> wVa(wU)",bl #0x1f5748,libapp.so,0x1f5748,0x1f5748,(unresolved) no symbol in the committed dump covers this code address,candidate,"output/blutter/asm/Beg.dart:136 inside `Map<String, dynamic> wVa(wU)` (function entry 0x51f13c), instruction `//     0x51f154: bl              #0x1f5748`",output/blutter/asm/Beg.dart:136,"file output/blutter/asm/Beg.dart, class wU, function at 0x51f13c"
E0139,CH-11,0,L5,dart_call,libapp.so,0x51f164,"wU::Map<String, dynamic> wVa(wU)",bl #0x554734  ; StackOverflowSharedWithoutFPURegsStub,libapp.so,0x554734,StackOverflowSharedWithoutFPURegsStub,blutter's inline stub comment in the same listing,proven,"output/blutter/asm/Beg.dart:143 inside `Map<String, dynamic> wVa(wU)` (function entry 0x51f13c), instruction `//     0x51f164: bl              #0x554734  ; StackOverflowSharedWithoutFPURegsStub`",output/blutter/asm/Beg.dart:143,"file output/blutter/asm/Beg.dart, class wU, function at 0x51f13c"
E0140,CH-11,0,L5,dart_tail_call,libapp.so,0x51f168,"wU::Map<String, dynamic> wVa(wU)",b #0x51f150,libapp.so,0x51f150,Beg_wU::wVa_51f13c,inside the function blutter names at 0x51f13c (add_func range),strong,"output/blutter/asm/Beg.dart:144 inside `Map<String, dynamic> wVa(wU)` (function entry 0x51f13c), instruction `// 0x51f168: b               #0x51f150`",output/blutter/asm/Beg.dart:144,"file output/blutter/asm/Beg.dart, class wU, function at 0x51f13c"
E0135,CH-11,0,L5,dart_call,libapp.so,0x51f19c,"AS::Map<String, dynamic> wVa(AS)",bl #0x1f5884,libapp.so,0x1f5884,0x1f5884,(unresolved) no symbol in the committed dump covers this code address,candidate,"output/blutter/asm/Beg.dart:105 inside `Map<String, dynamic> wVa(AS)` (function entry 0x51f184), instruction `//     0x51f19c: bl              #0x1f5884`",output/blutter/asm/Beg.dart:105,"file output/blutter/asm/Beg.dart, class AS, function at 0x51f184"
E0136,CH-11,1,L5,dart_call,libapp.so,0x51f1ac,"AS::Map<String, dynamic> wVa(AS)",bl #0x554734  ; StackOverflowSharedWithoutFPURegsStub,libapp.so,0x554734,StackOverflowSharedWithoutFPURegsStub,blutter's inline stub comment in the same listing,proven,"output/blutter/asm/Beg.dart:112 inside `Map<String, dynamic> wVa(AS)` (function entry 0x51f184), instruction `//     0x51f1ac: bl              #0x554734  ; StackOverflowSharedWithoutFPURegsStub`",output/blutter/asm/Beg.dart:112,"file output/blutter/asm/Beg.dart, class AS, function at 0x51f184"
E0137,CH-11,0,L5,dart_tail_call,libapp.so,0x51f1b0,"AS::Map<String, dynamic> wVa(AS)",b #0x51f198,libapp.so,0x51f198,Beg_AS::wVa_51f184,inside the function blutter names at 0x51f184 (add_func range),strong,"output/blutter/asm/Beg.dart:113 inside `Map<String, dynamic> wVa(AS)` (function entry 0x51f184), instruction `// 0x51f1b0: b               #0x51f198`",output/blutter/asm/Beg.dart:113,"file output/blutter/asm/Beg.dart, class AS, function at 0x51f184"
E0358,CH-11,0,L5,dart_call,libapp.so,0x5203b4,"aC::aC +(aC, aC)",bl #0x5523c0  ; DefaultTypeTestStub,libapp.so,0x5523c0,DefaultTypeTestStub,blutter's inline stub comment in the same listing,proven,"output/blutter/asm/amg.dart:231 inside `aC +(aC, aC)` (function entry 0x52036c), instruction `//     0x5203b4: bl              #0x5523c0  ; DefaultTypeTestStub`",output/blutter/asm/amg.dart:231,"file output/blutter/asm/amg.dart, class aC, function at 0x52036c"
E0359,CH-11,0,L5,dart_call,libapp.so,0x5203c0,"aC::aC +(aC, aC)",bl #0x201e74,libapp.so,0x201e74,0x201e74,(unresolved) no symbol in the committed dump covers this code address,candidate,"output/blutter/asm/amg.dart:235 inside `aC +(aC, aC)` (function entry 0x52036c), instruction `//     0x5203c0: bl              #0x201e74`",output/blutter/asm/amg.dart:235,"file output/blutter/asm/amg.dart, class aC, function at 0x52036c"
E0360,CH-11,0,L5,dart_call,libapp.so,0x5203d0,"aC::aC +(aC, aC)",bl #0x554734  ; StackOverflowSharedWithoutFPURegsStub,libapp.so,0x554734,StackOverflowSharedWithoutFPURegsStub,blutter's inline stub comment in the same listing,proven,"output/blutter/asm/amg.dart:242 inside `aC +(aC, aC)` (function entry 0x52036c), instruction `//     0x5203d0: bl              #0x554734  ; StackOverflowSharedWithoutFPURegsStub`",output/blutter/asm/amg.dart:242,"file output/blutter/asm/amg.dart, class aC, function at 0x52036c"
E0361,CH-11,0,L5,dart_tail_call,libapp.so,0x5203d4,"aC::aC +(aC, aC)",b #0x520380,libapp.so,0x520380,amg_aC::op_add_52036c,inside the function blutter names at 0x52036c (add_func range),strong,"output/blutter/asm/amg.dart:243 inside `aC +(aC, aC)` (function entry 0x52036c), instruction `// 0x5203d4: b               #0x520380`",output/blutter/asm/amg.dart:243,"file output/blutter/asm/amg.dart, class aC, function at 0x52036c"
E0362,CH-11,0,L5,dart_call,libapp.so,0x520410,"aC::aC *(aC, double)",bl #0x201af4,libapp.so,0x201af4,0x201af4,(unresolved) no symbol in the committed dump covers this code address,candidate,"output/blutter/asm/amg.dart:259 inside `aC *(aC, double)` (function entry 0x5203f0), instruction `//     0x520410: bl              #0x201af4`",output/blutter/asm/amg.dart:259,"file output/blutter/asm/amg.dart, class aC, function at 0x5203f0"
E0363,CH-11,0,L5,dart_call,libapp.so,0x520420,"aC::aC *(aC, double)",bl #0x554734  ; StackOverflowSharedWithoutFPURegsStub,libapp.so,0x554734,StackOverflowSharedWithoutFPURegsStub,blutter's inline stub comment in the same listing,proven,"output/blutter/asm/amg.dart:266 inside `aC *(aC, double)` (function entry 0x5203f0), instruction `//     0x520420: bl              #0x554734  ; StackOverflowSharedWithoutFPURegsStub`",output/blutter/asm/amg.dart:266,"file output/blutter/asm/amg.dart, class aC, function at 0x5203f0"
E0364,CH-11,0,L5,dart_tail_call,libapp.so,0x520424,"aC::aC *(aC, double)",b #0x520404,libapp.so,0x520404,amg_aC::op_mul_5203f0,inside the function blutter names at 0x5203f0 (add_func range),strong,"output/blutter/asm/amg.dart:267 inside `aC *(aC, double)` (function entry 0x5203f0), instruction `// 0x520424: b               #0x520404`",output/blutter/asm/amg.dart:267,"file output/blutter/asm/amg.dart, class aC, function at 0x5203f0"
E0365,CH-11,0,L5,dart_call,libapp.so,0x520488,"aC::aC -(aC, aC)",bl #0x5523c0  ; DefaultTypeTestStub,libapp.so,0x5523c0,DefaultTypeTestStub,blutter's inline stub comment in the same listing,proven,"output/blutter/asm/amg.dart:299 inside `aC -(aC, aC)` (function entry 0x520440), instruction `//     0x520488: bl              #0x5523c0  ; DefaultTypeTestStub`",output/blutter/asm/amg.dart:299,"file output/blutter/asm/amg.dart, class aC, function at 0x520440"
E0366,CH-11,0,L5,dart_call,libapp.so,0x520494,"aC::aC -(aC, aC)",bl #0x201b78,libapp.so,0x201b78,0x201b78,(unresolved) no symbol in the committed dump covers this code address,candidate,"output/blutter/asm/amg.dart:303 inside `aC -(aC, aC)` (function entry 0x520440), instruction `//     0x520494: bl              #0x201b78`",output/blutter/asm/amg.dart:303,"file output/blutter/asm/amg.dart, class aC, function at 0x520440"
E0367,CH-11,0,L5,dart_call,libapp.so,0x5204a4,"aC::aC -(aC, aC)",bl #0x554734  ; StackOverflowSharedWithoutFPURegsStub,libapp.so,0x554734,StackOverflowSharedWithoutFPURegsStub,blutter's inline stub comment in the same listing,proven,"output/blutter/asm/amg.dart:310 inside `aC -(aC, aC)` (function entry 0x520440), instruction `//     0x5204a4: bl              #0x554734  ; StackOverflowSharedWithoutFPURegsStub`",output/blutter/asm/amg.dart:310,"file output/blutter/asm/amg.dart, class aC, function at 0x520440"
E0368,CH-11,0,L5,dart_tail_call,libapp.so,0x5204a8,"aC::aC -(aC, aC)",b #0x520454,libapp.so,0x520454,amg_aC::op_sub_520440,inside the function blutter names at 0x520440 (add_func range),strong,"output/blutter/asm/amg.dart:311 inside `aC -(aC, aC)` (function entry 0x520440), instruction `// 0x5204a8: b               #0x520454`",output/blutter/asm/amg.dart:311,"file output/blutter/asm/amg.dart, class aC, function at 0x520440"
E0369,CH-11,0,L5,dart_call,libapp.so,0x5204fc,"aC::double [](aC, int)",bl #0x55b758  ; IsType_int_Stub,libapp.so,0x55b758,IsType_int_Stub,blutter's inline stub comment in the same listing,proven,"output/blutter/asm/amg.dart:337 inside `double [](aC, int)` (function entry 0x5204c4), instruction `//     0x5204fc: bl              #0x55b758  ; IsType_int_Stub`",output/blutter/asm/amg.dart:337,"file output/blutter/asm/amg.dart, class aC, function at 0x5204c4"
E0370,CH-11,0,L5,dart_call,libapp.so,0x520504,"aC::double [](aC, int)",bl #0x5527dc  ; ThrowStub,libapp.so,0x5527dc,ThrowStub,blutter's inline stub comment in the same listing,proven,"output/blutter/asm/amg.dart:341 inside `double [](aC, int)` (function entry 0x5204c4), instruction `//     0x520504: bl              #0x5527dc  ; ThrowStub`",output/blutter/asm/amg.dart:341,"file output/blutter/asm/amg.dart, class aC, function at 0x5204c4"
E0445,CH-11,0,L5,dart_tail_call,libapp.so,0x52151c,qga::[closure] void <anonymous closure>(dynamic),b #0x5215c4,libapp.so,0x5215c4,fgg_qga::_anon_closure_5214d0,inside the function blutter names at 0x5214d0 (add_func range),strong,"output/blutter/asm/fgg.dart:41 inside `[closure] void <anonymous closure>(dynamic)` (function entry 0x5214d0), instruction `// 0x52151c: b               #0x5215c4`",output/blutter/asm/fgg.dart:41,"file output/blutter/asm/fgg.dart, class qga, function at 0x5214d0"
E0446,CH-11,0,L5,dart_call,libapp.so,0x52154c,qga::[closure] void <anonymous closure>(dynamic),bl #0x5548b4  ; AllocateMintSharedWithoutFPURegsStub,libapp.so,0x5548b4,AllocateMintSharedWithoutFPURegsStub,blutter's inline stub comment in the same listing,proven,"output/blutter/asm/fgg.dart:59 inside `[closure] void <anonymous closure>(dynamic)` (function entry 0x5214d0), instruction `//     0x52154c: bl              #0x5548b4  ; AllocateMintSharedWithoutFPURegsStub`",output/blutter/asm/fgg.dart:59,"file output/blutter/asm/fgg.dart, class qga, function at 0x5214d0"
E0447,CH-11,0,L5,dart_call,libapp.so,0x52155c,qga::[closure] void <anonymous closure>(dynamic),bl #0x49c190,libapp.so,0x49c190,0x49c190,(unresolved) no symbol in the committed dump covers this code address,candidate,"output/blutter/asm/fgg.dart:64 inside `[closure] void <anonymous closure>(dynamic)` (function entry 0x5214d0), instruction `//     0x52155c: bl              #0x49c190`",output/blutter/asm/fgg.dart:64,"file output/blutter/asm/fgg.dart, class qga, function at 0x5214d0"
E0448,CH-11,0,L5,dart_call,libapp.so,0x5215b8,qga::[closure] void <anonymous closure>(dynamic),bl #0x51a094  ; IsType_sv?_Stub,libapp.so,0x51a094,IsType_sv?_Stub,blutter's inline stub comment in the same listing,proven,"output/blutter/asm/fgg.dart:95 inside `[closure] void <anonymous closure>(dynamic)` (function entry 0x5214d0), instruction `//     0x5215b8: bl              #0x51a094  ; IsType_sv?_Stub`",output/blutter/asm/fgg.dart:95,"file output/blutter/asm/fgg.dart, class qga, function at 0x5214d0"
E0449,CH-11,0,L5,dart_call,libapp.so,0x5215dc,qga::[closure] void <anonymous closure>(dynamic),bl #0x552d4c  ; WriteBarrierWrappersStub,libapp.so,0x552d4c,WriteBarrierWrappersStub,blutter's inline stub comment in the same listing,proven,"output/blutter/asm/fgg.dart:105 inside `[closure] void <anonymous closure>(dynamic)` (function entry 0x5214d0), instruction `//     0x5215dc: bl              #0x552d4c  ; WriteBarrierWrappersStub`",output/blutter/asm/fgg.dart:105,"file output/blutter/asm/fgg.dart, class qga, function at 0x5214d0"
E0450,CH-11,0,L5,dart_call,libapp.so,0x521634,qga::[closure] void <anonymous closure>(dynamic),bl #0x5523c0  ; DefaultTypeTestStub,libapp.so,0x5523c0,DefaultTypeTestStub,blutter's inline stub comment in the same listing,proven,"output/blutter/asm/fgg.dart:137 inside `[closure] void <anonymous closure>(dynamic)` (function entry 0x5214d0), instruction `//     0x521634: bl              #0x5523c0  ; DefaultTypeTestStub`",output/blutter/asm/fgg.dart:137,"file output/blutter/asm/fgg.dart, class qga, function at 0x5214d0"
E0451,CH-11,0,L5,dart_call,libapp.so,0x521668,qga::[closure] void <anonymous closure>(dynamic),bl #0x552dac  ; WriteBarrierWrappersStub,libapp.so,0x552dac,WriteBarrierWrappersStub,blutter's inline stub comment in the same listing,proven,"output/blutter/asm/fgg.dart:153 inside `[closure] void <anonymous closure>(dynamic)` (function entry 0x5214d0), instruction `//     0x521668: bl              #0x552dac  ; WriteBarrierWrappersStub`",output/blutter/asm/fgg.dart:153,"file output/blutter/asm/fgg.dart, class qga, function at 0x5214d0"
E0452,CH-11,0,L5,dart_call,libapp.so,0x52167c,qga::[closure] void <anonymous closure>(dynamic),bl #0x49c190,libapp.so,0x49c190,0x49c190,(unresolved) no symbol in the committed dump covers this code address,candidate,"output/blutter/asm/fgg.dart:161 inside `[closure] void <anonymous closure>(dynamic)` (function entry 0x5214d0), instruction `//     0x52167c: bl              #0x49c190`",output/blutter/asm/fgg.dart:161,"file output/blutter/asm/fgg.dart, class qga, function at 0x5214d0"
E0453,CH-11,0,L5,dart_call,libapp.so,0x5216b0,qga::[closure] void <anonymous closure>(dynamic),bl #0x214d04,libapp.so,0x214d04,0x214d04,(unresolved) no symbol in the committed dump covers this code address,candidate,"output/blutter/asm/fgg.dart:180 inside `[closure] void <anonymous closure>(dynamic)` (function entry 0x5214d0), instruction `//     0x5216b0: bl              #0x214d04`",output/blutter/asm/fgg.dart:180,"file output/blutter/asm/fgg.dart, class qga, function at 0x5214d0"
E0454,CH-11,0,L5,dart_call,libapp.so,0x5216d0,qga::[closure] void <anonymous closure>(dynamic),bl #0x3e983c,libapp.so,0x3e983c,0x3e983c,(unresolved) no symbol in the committed dump covers this code address,candidate,"output/blutter/asm/fgg.dart:191 inside `[closure] void <anonymous closure>(dynamic)` (function entry 0x5214d0), instruction `//     0x5216d0: bl              #0x3e983c`",output/blutter/asm/fgg.dart:191,"file output/blutter/asm/fgg.dart, class qga, function at 0x5214d0"
E0455,CH-11,0,L5,dart_call,libapp.so,0x521704,qga::[closure] void <anonymous closure>(dynamic),bl #0x48c2e0,libapp.so,0x48c2e0,0x48c2e0,(unresolved) no symbol in the committed dump covers this code address,candidate,"output/blutter/asm/fgg.dart:212 inside `[closure] void <anonymous closure>(dynamic)` (function entry 0x5214d0), instruction `//     0x521704: bl              #0x48c2e0`",output/blutter/asm/fgg.dart:212,"file output/blutter/asm/fgg.dart, class qga, function at 0x5214d0"
E0456,CH-11,0,L5,dart_tail_call,libapp.so,0x521708,qga::[closure] void <anonymous closure>(dynamic),b #0x521724,libapp.so,0x521724,fgg_qga::_anon_closure_5214d0,inside the function blutter names at 0x5214d0 (add_func range),strong,"output/blutter/asm/fgg.dart:213 inside `[closure] void <anonymous closure>(dynamic)` (function entry 0x5214d0), instruction `// 0x521708: b               #0x521724`",output/blutter/asm/fgg.dart:213,"file output/blutter/asm/fgg.dart, class qga, function at 0x5214d0"
E0457,CH-11,0,L5,dart_call,libapp.so,0x521720,qga::[closure] void <anonymous closure>(dynamic),bl #0x48b9b8,libapp.so,0x48b9b8,0x48b9b8,(unresolved) no symbol in the committed dump covers this code address,candidate,"output/blutter/asm/fgg.dart:224 inside `[closure] void <anonymous closure>(dynamic)` (function entry 0x5214d0), instruction `//     0x521720: bl              #0x48b9b8`",output/blutter/asm/fgg.dart:224,"file output/blutter/asm/fgg.dart, class qga, function at 0x5214d0"
E0458,CH-11,0,L5,dart_call,libapp.so,0x521748,qga::[closure] void <anonymous closure>(dynamic),bl #0x5527b0  ; ReThrowStub,libapp.so,0x5527b0,ReThrowStub,blutter's inline stub comment in the same listing,proven,"output/blutter/asm/fgg.dart:241 inside `[closure] void <anonymous closure>(dynamic)` (function entry 0x5214d0), instruction `//     0x521748: bl              #0x5527b0  ; ReThrowStub`",output/blutter/asm/fgg.dart:241,"file output/blutter/asm/fgg.dart, class qga, function at 0x5214d0"
E0459,CH-11,0,L5,dart_call,libapp.so,0x521750,qga::[closure] void <anonymous closure>(dynamic),bl #0x554734  ; StackOverflowSharedWithoutFPURegsStub,libapp.so,0x554734,StackOverflowSharedWithoutFPURegsStub,blutter's inline stub comment in the same listing,proven,"output/blutter/asm/fgg.dart:244 inside `[closure] void <anonymous closure>(dynamic)` (function entry 0x5214d0), instruction `//     0x521750: bl              #0x554734  ; StackOverflowSharedWithoutFPURegsStub`",output/blutter/asm/fgg.dart:244,"file output/blutter/asm/fgg.dart, class qga, function at 0x5214d0"
E0460,CH-11,0,L5,dart_tail_call,libapp.so,0x521754,qga::[closure] void <anonymous closure>(dynamic),b #0x5214f8,libapp.so,0x5214f8,fgg_qga::_anon_closure_5214d0,inside the function blutter names at 0x5214d0 (add_func range),strong,"output/blutter/asm/fgg.dart:245 inside `[closure] void <anonymous closure>(dynamic)` (function entry 0x5214d0), instruction `// 0x521754: b               #0x5214f8`",output/blutter/asm/fgg.dart:245,"file output/blutter/asm/fgg.dart, class qga, function at 0x5214d0"
E0461,CH-11,0,L5,dart_call,libapp.so,0x521758,qga::[closure] void <anonymous closure>(dynamic),bl #0x554cdc  ; NullCastErrorSharedWithoutFPURegsStub,libapp.so,0x554cdc,NullCastErrorSharedWithoutFPURegsStub,blutter's inline stub comment in the same listing,proven,"output/blutter/asm/fgg.dart:247 inside `[closure] void <anonymous closure>(dynamic)` (function entry 0x5214d0), instruction `//     0x521758: bl              #0x554cdc  ; NullCastErrorSharedWithoutFPURegsStub`",output/blutter/asm/fgg.dart:247,"file output/blutter/asm/fgg.dart, class qga, function at 0x5214d0"
E0462,CH-11,0,L5,dart_call,libapp.so,0x52175c,qga::[closure] void <anonymous closure>(dynamic),bl #0x554cdc  ; NullCastErrorSharedWithoutFPURegsStub,libapp.so,0x554cdc,NullCastErrorSharedWithoutFPURegsStub,blutter's inline stub comment in the same listing,proven,"output/blutter/asm/fgg.dart:249 inside `[closure] void <anonymous closure>(dynamic)` (function entry 0x5214d0), instruction `//     0x52175c: bl              #0x554cdc  ; NullCastErrorSharedWithoutFPURegsStub`",output/blutter/asm/fgg.dart:249,"file output/blutter/asm/fgg.dart, class qga, function at 0x5214d0"
E0463,CH-11,0,L5,dart_call,libapp.so,0x5217cc,qga::[closure] void <anonymous closure>(dynamic),bl #0x552dac  ; WriteBarrierWrappersStub,libapp.so,0x552dac,WriteBarrierWrappersStub,blutter's inline stub comment in the same listing,proven,"output/blutter/asm/fgg.dart:286 inside `[closure] void <anonymous closure>(dynamic)` (function entry 0x52176c), instruction `//     0x5217cc: bl              #0x552dac  ; WriteBarrierWrappersStub`",output/blutter/asm/fgg.dart:286,"file output/blutter/asm/fgg.dart, class qga, function at 0x52176c"
E0464,CH-11,0,L5,dart_call,libapp.so,0x5217dc,qga::[closure] void <anonymous closure>(dynamic),bl #0x49c190,libapp.so,0x49c190,0x49c190,(unresolved) no symbol in the committed dump covers this code address,candidate,"output/blutter/asm/fgg.dart:293 inside `[closure] void <anonymous closure>(dynamic)` (function entry 0x52176c), instruction `//     0x5217dc: bl              #0x49c190`",output/blutter/asm/fgg.dart:293,"file output/blutter/asm/fgg.dart, class qga, function at 0x52176c"
E0465,CH-11,0,L5,dart_call,libapp.so,0x5217f0,qga::[closure] void <anonymous closure>(dynamic),bl #0x3e983c,libapp.so,0x3e983c,0x3e983c,(unresolved) no symbol in the committed dump covers this code address,candidate,"output/blutter/asm/fgg.dart:300 inside `[closure] void <anonymous closure>(dynamic)` (function entry 0x52176c), instruction `//     0x5217f0: bl              #0x3e983c`",output/blutter/asm/fgg.dart:300,"file output/blutter/asm/fgg.dart, class qga, function at 0x52176c"
E0466,CH-11,0,L5,dart_call,libapp.so,0x521814,qga::[closure] void <anonymous closure>(dynamic),bl #0x48b9b8,libapp.so,0x48b9b8,0x48b9b8,(unresolved) no symbol in the committed dump covers this code address,candidate,"output/blutter/asm/fgg.dart:315 inside `[closure] void <anonymous closure>(dynamic)` (function entry 0x52176c), instruction `//     0x521814: bl              #0x48b9b8`",output/blutter/asm/fgg.dart:315,"file output/blutter/asm/fgg.dart, class qga, function at 0x52176c"
E0467,CH-11,0,L5,dart_call,libapp.so,0x52183c,qga::[closure] void <anonymous closure>(dynamic),bl #0x5527b0  ; ReThrowStub,libapp.so,0x5527b0,ReThrowStub,blutter's inline stub comment in the same listing,proven,"output/blutter/asm/fgg.dart:332 inside `[closure] void <anonymous closure>(dynamic)` (function entry 0x52176c), instruction `//     0x52183c: bl              #0x5527b0  ; ReThrowStub`",output/blutter/asm/fgg.dart:332,"file output/blutter/asm/fgg.dart, class qga, function at 0x52176c"
E0468,CH-11,0,L5,dart_call,libapp.so,0x521844,qga::[closure] void <anonymous closure>(dynamic),bl #0x554734  ; StackOverflowSharedWithoutFPURegsStub,libapp.so,0x554734,StackOverflowSharedWithoutFPURegsStub,blutter's inline stub comment in the same listing,proven,"output/blutter/asm/fgg.dart:335 inside `[closure] void <anonymous closure>(dynamic)` (function entry 0x52176c), instruction `//     0x521844: bl              #0x554734  ; StackOverflowSharedWithoutFPURegsStub`",output/blutter/asm/fgg.dart:335,"file output/blutter/asm/fgg.dart, class qga, function at 0x52176c"
E0469,CH-11,0,L5,dart_tail_call,libapp.so,0x521848,qga::[closure] void <anonymous closure>(dynamic),b #0x521794,libapp.so,0x521794,fgg_qga::_anon_closure_52176c,inside the function blutter names at 0x52176c (add_func range),strong,"output/blutter/asm/fgg.dart:336 inside `[closure] void <anonymous closure>(dynamic)` (function entry 0x52176c), instruction `// 0x521848: b               #0x521794`",output/blutter/asm/fgg.dart:336,"file output/blutter/asm/fgg.dart, class qga, function at 0x52176c"
E0559,CH-11,0,L5,dart_call,libapp.so,0x525198,"kL::kL -(kL, kL)",bl #0x5523c0  ; DefaultTypeTestStub,libapp.so,0x5523c0,DefaultTypeTestStub,blutter's inline stub comment in the same listing,proven,"output/blutter/asm/mcg.dart:56 inside `kL -(kL, kL)` (function entry 0x525150), instruction `//     0x525198: bl              #0x5523c0  ; DefaultTypeTestStub`",output/blutter/asm/mcg.dart:56,"file output/blutter/asm/mcg.dart, class kL, function at 0x525150"
E0560,CH-11,0,L5,dart_call,libapp.so,0x5251a4,"kL::kL -(kL, kL)",bl #0x2487b8,libapp.so,0x2487b8,0x2487b8,(unresolved) no symbol in the committed dump covers this code address,candidate,"output/blutter/asm/mcg.dart:60 inside `kL -(kL, kL)` (function entry 0x525150), instruction `//     0x5251a4: bl              #0x2487b8`",output/blutter/asm/mcg.dart:60,"file output/blutter/asm/mcg.dart, class kL, function at 0x525150"
E0561,CH-11,0,L5,dart_call,libapp.so,0x5251b4,"kL::kL -(kL, kL)",bl #0x554734  ; StackOverflowSharedWithoutFPURegsStub,libapp.so,0x554734,StackOverflowSharedWithoutFPURegsStub,blutter's inline stub comment in the same listing,proven,"output/blutter/asm/mcg.dart:67 inside `kL -(kL, kL)` (function entry 0x525150), instruction `//     0x5251b4: bl              #0x554734  ; StackOverflowSharedWithoutFPURegsStub`",output/blutter/asm/mcg.dart:67,"file output/blutter/asm/mcg.dart, class kL, function at 0x525150"
E0562,CH-11,0,L5,dart_tail_call,libapp.so,0x5251b8,"kL::kL -(kL, kL)",b #0x525164,libapp.so,0x525164,mcg_kL::op_sub_525150,inside the function blutter names at 0x525150 (add_func range),strong,"output/blutter/asm/mcg.dart:68 inside `kL -(kL, kL)` (function entry 0x525150), instruction `// 0x5251b8: b               #0x525164`",output/blutter/asm/mcg.dart:68,"file output/blutter/asm/mcg.dart, class kL, function at 0x525150"
E0563,CH-11,0,L5,dart_call,libapp.so,0x525200,"kL::kL *(kL, double)",bl #0x4c4d80,libapp.so,0x4c4d80,0x4c4d80,(unresolved) no symbol in the committed dump covers this code address,candidate,"output/blutter/asm/mcg.dart:84 inside `kL *(kL, double)` (function entry 0x5251e0), instruction `//     0x525200: bl              #0x4c4d80`",output/blutter/asm/mcg.dart:84,"file output/blutter/asm/mcg.dart, class kL, function at 0x5251e0"
E0564,CH-11,0,L5,dart_call,libapp.so,0x525210,"kL::kL *(kL, double)",bl #0x554734  ; StackOverflowSharedWithoutFPURegsStub,libapp.so,0x554734,StackOverflowSharedWithoutFPURegsStub,blutter's inline stub comment in the same listing,proven,"output/blutter/asm/mcg.dart:91 inside `kL *(kL, double)` (function entry 0x5251e0), instruction `//     0x525210: bl              #0x554734  ; StackOverflowSharedWithoutFPURegsStub`",output/blutter/asm/mcg.dart:91,"file output/blutter/asm/mcg.dart, class kL, function at 0x5251e0"
E0565,CH-11,0,L5,dart_tail_call,libapp.so,0x525214,"kL::kL *(kL, double)",b #0x5251f4,libapp.so,0x5251f4,mcg_kL::op_mul_5251e0,inside the function blutter names at 0x5251e0 (add_func range),strong,"output/blutter/asm/mcg.dart:92 inside `kL *(kL, double)` (function entry 0x5251e0), instruction `// 0x525214: b               #0x5251f4`",output/blutter/asm/mcg.dart:92,"file output/blutter/asm/mcg.dart, class kL, function at 0x5251e0"
E0566,CH-11,0,L5,dart_call,libapp.so,0x525278,"kL::kL +(kL, kL)",bl #0x5523c0  ; DefaultTypeTestStub,libapp.so,0x5523c0,DefaultTypeTestStub,blutter's inline stub comment in the same listing,proven,"output/blutter/asm/mcg.dart:124 inside `kL +(kL, kL)` (function entry 0x525230), instruction `//     0x525278: bl              #0x5523c0  ; DefaultTypeTestStub`",output/blutter/asm/mcg.dart:124,"file output/blutter/asm/mcg.dart, class kL, function at 0x525230"
E0567,CH-11,0,L5,dart_call,libapp.so,0x525284,"kL::kL +(kL, kL)",bl #0x24889c,libapp.so,0x24889c,0x24889c,(unresolved) no symbol in the committed dump covers this code address,candidate,"output/blutter/asm/mcg.dart:128 inside `kL +(kL, kL)` (function entry 0x525230), instruction `//     0x525284: bl              #0x24889c`",output/blutter/asm/mcg.dart:128,"file output/blutter/asm/mcg.dart, class kL, function at 0x525230"
E0568,CH-11,0,L5,dart_call,libapp.so,0x525294,"kL::kL +(kL, kL)",bl #0x554734  ; StackOverflowSharedWithoutFPURegsStub,libapp.so,0x554734,StackOverflowSharedWithoutFPURegsStub,blutter's inline stub comment in the same listing,proven,"output/blutter/asm/mcg.dart:135 inside `kL +(kL, kL)` (function entry 0x525230), instruction `//     0x525294: bl              #0x554734  ; StackOverflowSharedWithoutFPURegsStub`",output/blutter/asm/mcg.dart:135,"file output/blutter/asm/mcg.dart, class kL, function at 0x525230"
E0569,CH-11,0,L5,dart_tail_call,libapp.so,0x525298,"kL::kL +(kL, kL)",b #0x525244,libapp.so,0x525244,mcg_kL::op_add_525230,inside the function blutter names at 0x525230 (add_func range),strong,"output/blutter/asm/mcg.dart:136 inside `kL +(kL, kL)` (function entry 0x525230), instruction `// 0x525298: b               #0x525244`",output/blutter/asm/mcg.dart:136,"file output/blutter/asm/mcg.dart, class kL, function at 0x525230"
E0231,CH-11,0,L5,dart_call,libapp.so,0x5261a0,"Ey::Ey -(Ey, Ey)",bl #0x5523c0  ; DefaultTypeTestStub,libapp.so,0x5523c0,DefaultTypeTestStub,blutter's inline stub comment in the same listing,proven,"output/blutter/asm/UZf.dart:62 inside `Ey -(Ey, Ey)` (function entry 0x526158), instruction `//     0x5261a0: bl              #0x5523c0  ; DefaultTypeTestStub`",output/blutter/asm/UZf.dart:62,"file output/blutter/asm/UZf.dart, class Ey, function at 0x526158"
E0232,CH-11,0,L5,dart_call,libapp.so,0x5261ac,"Ey::Ey -(Ey, Ey)",bl #0x27da58,libapp.so,0x27da58,0x27da58,(unresolved) no symbol in the committed dump covers this code address,candidate,"output/blutter/asm/UZf.dart:66 inside `Ey -(Ey, Ey)` (function entry 0x526158), instruction `//     0x5261ac: bl              #0x27da58`",output/blutter/asm/UZf.dart:66,"file output/blutter/asm/UZf.dart, class Ey, function at 0x526158"
E0233,CH-11,0,L5,dart_call,libapp.so,0x5261bc,"Ey::Ey -(Ey, Ey)",bl #0x554734  ; StackOverflowSharedWithoutFPURegsStub,libapp.so,0x554734,StackOverflowSharedWithoutFPURegsStub,blutter's inline stub comment in the same listing,proven,"output/blutter/asm/UZf.dart:73 inside `Ey -(Ey, Ey)` (function entry 0x526158), instruction `//     0x5261bc: bl              #0x554734  ; StackOverflowSharedWithoutFPURegsStub`",output/blutter/asm/UZf.dart:73,"file output/blutter/asm/UZf.dart, class Ey, function at 0x526158"
E0234,CH-11,0,L5,dart_tail_call,libapp.so,0x5261c0,"Ey::Ey -(Ey, Ey)",b #0x52616c,libapp.so,0x52616c,UZf_Ey::op_sub_526158,inside the function blutter names at 0x526158 (add_func range),strong,"output/blutter/asm/UZf.dart:74 inside `Ey -(Ey, Ey)` (function entry 0x526158), instruction `// 0x5261c0: b               #0x52616c`",output/blutter/asm/UZf.dart:74,"file output/blutter/asm/UZf.dart, class Ey, function at 0x526158"
E0235,CH-11,0,L5,dart_call,libapp.so,0x526224,"Ey::Ey +(Ey, Ey)",bl #0x5523c0  ; DefaultTypeTestStub,libapp.so,0x5523c0,DefaultTypeTestStub,blutter's inline stub comment in the same listing,proven,"output/blutter/asm/UZf.dart:102 inside `Ey +(Ey, Ey)` (function entry 0x5261e8), instruction `//     0x526224: bl              #0x5523c0  ; DefaultTypeTestStub`",output/blutter/asm/UZf.dart:102,"file output/blutter/asm/UZf.dart, class Ey, function at 0x5261e8"
E0236,CH-11,0,L5,dart_call,libapp.so,0x52622c,"Ey::Ey +(Ey, Ey)",bl #0x5527dc  ; ThrowStub,libapp.so,0x5527dc,ThrowStub,blutter's inline stub comment in the same listing,proven,"output/blutter/asm/UZf.dart:106 inside `Ey +(Ey, Ey)` (function entry 0x5261e8), instruction `//     0x52622c: bl              #0x5527dc  ; ThrowStub`",output/blutter/asm/UZf.dart:106,"file output/blutter/asm/UZf.dart, class Ey, function at 0x5261e8"
E0219,CH-11,0,L5,dart_call,libapp.so,0x526894,"hB::hB -(hB, hB)",bl #0x5523c0  ; DefaultTypeTestStub,libapp.so,0x5523c0,DefaultTypeTestStub,blutter's inline stub comment in the same listing,proven,"output/blutter/asm/LZf.dart:44 inside `hB -(hB, hB)` (function entry 0x52684c), instruction `//     0x526894: bl              #0x5523c0  ; DefaultTypeTestStub`",output/blutter/asm/LZf.dart:44,"file output/blutter/asm/LZf.dart, class hB, function at 0x52684c"
E0220,CH-11,0,L5,dart_call,libapp.so,0x5268a0,"hB::hB -(hB, hB)",bl #0x28e2f4,libapp.so,0x28e2f4,0x28e2f4,(unresolved) no symbol in the committed dump covers this code address,candidate,"output/blutter/asm/LZf.dart:48 inside `hB -(hB, hB)` (function entry 0x52684c), instruction `//     0x5268a0: bl              #0x28e2f4`",output/blutter/asm/LZf.dart:48,"file output/blutter/asm/LZf.dart, class hB, function at 0x52684c"
E0221,CH-11,0,L5,dart_call,libapp.so,0x5268b0,"hB::hB -(hB, hB)",bl #0x554734  ; StackOverflowSharedWithoutFPURegsStub,libapp.so,0x554734,StackOverflowSharedWithoutFPURegsStub,blutter's inline stub comment in the same listing,proven,"output/blutter/asm/LZf.dart:55 inside `hB -(hB, hB)` (function entry 0x52684c), instruction `//     0x5268b0: bl              #0x554734  ; StackOverflowSharedWithoutFPURegsStub`",output/blutter/asm/LZf.dart:55,"file output/blutter/asm/LZf.dart, class hB, function at 0x52684c"
E0222,CH-11,0,L5,dart_tail_call,libapp.so,0x5268b4,"hB::hB -(hB, hB)",b #0x526860,libapp.so,0x526860,LZf_hB::op_sub_52684c,inside the function blutter names at 0x52684c (add_func range),strong,"output/blutter/asm/LZf.dart:56 inside `hB -(hB, hB)` (function entry 0x52684c), instruction `// 0x5268b4: b               #0x526860`",output/blutter/asm/LZf.dart:56,"file output/blutter/asm/LZf.dart, class hB, function at 0x52684c"
E0223,CH-11,0,L5,dart_call,libapp.so,0x526918,"hB::hB +(hB, hB)",bl #0x5523c0  ; DefaultTypeTestStub,libapp.so,0x5523c0,DefaultTypeTestStub,blutter's inline stub comment in the same listing,proven,"output/blutter/asm/LZf.dart:88 inside `hB +(hB, hB)` (function entry 0x5268d0), instruction `//     0x526918: bl              #0x5523c0  ; DefaultTypeTestStub`",output/blutter/asm/LZf.dart:88,"file output/blutter/asm/LZf.dart, class hB, function at 0x5268d0"
E0224,CH-11,0,L5,dart_call,libapp.so,0x526924,"hB::hB +(hB, hB)",bl #0x28e380,libapp.so,0x28e380,0x28e380,(unresolved) no symbol in the committed dump covers this code address,candidate,"output/blutter/asm/LZf.dart:92 inside `hB +(hB, hB)` (function entry 0x5268d0), instruction `//     0x526924: bl              #0x28e380`",output/blutter/asm/LZf.dart:92,"file output/blutter/asm/LZf.dart, class hB, function at 0x5268d0"
E0225,CH-11,0,L5,dart_call,libapp.so,0x526934,"hB::hB +(hB, hB)",bl #0x554734  ; StackOverflowSharedWithoutFPURegsStub,libapp.so,0x554734,StackOverflowSharedWithoutFPURegsStub,blutter's inline stub comment in the same listing,proven,"output/blutter/asm/LZf.dart:99 inside `hB +(hB, hB)` (function entry 0x5268d0), instruction `//     0x526934: bl              #0x554734  ; StackOverflowSharedWithoutFPURegsStub`",output/blutter/asm/LZf.dart:99,"file output/blutter/asm/LZf.dart, class hB, function at 0x5268d0"
E0226,CH-11,0,L5,dart_tail_call,libapp.so,0x526938,"hB::hB +(hB, hB)",b #0x5268e4,libapp.so,0x5268e4,LZf_hB::op_add_5268d0,inside the function blutter names at 0x5268d0 (add_func range),strong,"output/blutter/asm/LZf.dart:100 inside `hB +(hB, hB)` (function entry 0x5268d0), instruction `// 0x526938: b               #0x5268e4`",output/blutter/asm/LZf.dart:100,"file output/blutter/asm/LZf.dart, class hB, function at 0x5268d0"
E0570,CH-11,0,L5,dart_call,libapp.so,0x526ed8,"GF::GF +(GF, GF)",bl #0x5523c0  ; DefaultTypeTestStub,libapp.so,0x5523c0,DefaultTypeTestStub,blutter's inline stub comment in the same listing,proven,"output/blutter/asm/ncg.dart:38 inside `GF +(GF, GF)` (function entry 0x526e98), instruction `//     0x526ed8: bl              #0x5523c0  ; DefaultTypeTestStub`",output/blutter/asm/ncg.dart:38,"file output/blutter/asm/ncg.dart, class GF, function at 0x526e98"
E0571,CH-11,0,L5,dart_call,libapp.so,0x526ee0,"GF::GF +(GF, GF)",bl #0x5527dc  ; ThrowStub,libapp.so,0x5527dc,ThrowStub,blutter's inline stub comment in the same listing,proven,"output/blutter/asm/ncg.dart:42 inside `GF +(GF, GF)` (function entry 0x526e98), instruction `//     0x526ee0: bl              #0x5527dc  ; ThrowStub`",output/blutter/asm/ncg.dart:42,"file output/blutter/asm/ncg.dart, class GF, function at 0x526e98"
E0423,CH-11,0,L5,dart_call,libapp.so,0x527e80,TX::[closure] Future<void> <anonymous closure>(dynamic) async,bl #0x519270  ; InitAsyncStub,libapp.so,0x519270,InitAsyncStub,blutter's inline stub comment in the same listing,proven,"output/blutter/asm/bfg.dart:137 inside `[closure] Future<void> <anonymous closure>(dynamic) async` (function entry 0x527e48), instruction `//     0x527e80: bl              #0x519270  ; InitAsyncStub`",output/blutter/asm/bfg.dart:137,"file output/blutter/asm/bfg.dart, class TX, function at 0x527e48"
E0424,CH-11,0,L5,dart_call,libapp.so,0x527ecc,TX::[closure] Future<void> <anonymous closure>(dynamic) async,bl #0x1e8788,libapp.so,0x1e8788,0x1e8788,(unresolved) no symbol in the committed dump covers this code address,candidate,"output/blutter/asm/bfg.dart:171 inside `[closure] Future<void> <anonymous closure>(dynamic) async` (function entry 0x527e48), instruction `//     0x527ecc: bl              #0x1e8788`",output/blutter/asm/bfg.dart:171,"file output/blutter/asm/bfg.dart, class TX, function at 0x527e48"
E0425,CH-11,0,L5,dart_call,libapp.so,0x527f34,TX::[closure] Future<void> <anonymous closure>(dynamic) async,bl #0x527fb4  ; [] ::__unknown_function__,libapp.so,0x527fb4,[] ::__unknown_function__,blutter's inline stub comment in the same listing,proven,"output/blutter/asm/bfg.dart:211 inside `[closure] Future<void> <anonymous closure>(dynamic) async` (function entry 0x527e48), instruction `//     0x527f34: bl              #0x527fb4  ; [] ::__unknown_function__`",output/blutter/asm/bfg.dart:211,"file output/blutter/asm/bfg.dart, class TX, function at 0x527e48"
E0426,CH-11,0,L5,dart_call,libapp.so,0x527f40,TX::[closure] Future<void> <anonymous closure>(dynamic) async,bl #0x518e60  ; AwaitStub,libapp.so,0x518e60,AwaitStub,blutter's inline stub comment in the same listing,proven,"output/blutter/asm/bfg.dart:215 inside `[closure] Future<void> <anonymous closure>(dynamic) async` (function entry 0x527e48), instruction `//     0x527f40: bl              #0x518e60  ; AwaitStub`",output/blutter/asm/bfg.dart:215,"file output/blutter/asm/bfg.dart, class TX, function at 0x527e48"
E0427,CH-11,0,L5,dart_call,libapp.so,0x527f5c,TX::[closure] Future<void> <anonymous closure>(dynamic) async,bl #0x2b1ab0,libapp.so,0x2b1ab0,0x2b1ab0,(unresolved) no symbol in the committed dump covers this code address,candidate,"output/blutter/asm/bfg.dart:225 inside `[closure] Future<void> <anonymous closure>(dynamic) async` (function entry 0x527e48), instruction `//     0x527f5c: bl              #0x2b1ab0`",output/blutter/asm/bfg.dart:225,"file output/blutter/asm/bfg.dart, class TX, function at 0x527e48"
E0428,CH-11,0,L5,dart_call,libapp.so,0x527f78,TX::[closure] Future<void> <anonymous closure>(dynamic) async,bl #0x2b1248,libapp.so,0x2b1248,0x2b1248,(unresolved) no symbol in the committed dump covers this code address,candidate,"output/blutter/asm/bfg.dart:236 inside `[closure] Future<void> <anonymous closure>(dynamic) async` (function entry 0x527e48), instruction `//     0x527f78: bl              #0x2b1248`",output/blutter/asm/bfg.dart:236,"file output/blutter/asm/bfg.dart, class TX, function at 0x527e48"
E0429,CH-11,0,L5,dart_tail_call,libapp.so,0x527f7c,TX::[closure] Future<void> <anonymous closure>(dynamic) async,b #0x527f9c,libapp.so,0x527f9c,bfg_TX::_anon_closure_527e48,inside the function blutter names at 0x527e48 (add_func range),strong,"output/blutter/asm/bfg.dart:237 inside `[closure] Future<void> <anonymous closure>(dynamic) async` (function entry 0x527e48), instruction `// 0x527f7c: b               #0x527f9c`",output/blutter/asm/bfg.dart:237,"file output/blutter/asm/bfg.dart, class TX, function at 0x527e48"
E0430,CH-11,0,L5,dart_tail_call,libapp.so,0x527f84,TX::[closure] Future<void> <anonymous closure>(dynamic) async,b #0x527f8c,libapp.so,0x527f8c,bfg_TX::_anon_closure_527e48,inside the function blutter names at 0x527e48 (add_func range),strong,"output/blutter/asm/bfg.dart:239 inside `[closure] Future<void> <anonymous closure>(dynamic) async` (function entry 0x527e48), instruction `// 0x527f84: b               #0x527f8c`",output/blutter/asm/bfg.dart:239,"file output/blutter/asm/bfg.dart, class TX, function at 0x527e48"
E0431,CH-11,0,L5,dart_call,libapp.so,0x527f98,TX::[closure] Future<void> <anonymous closure>(dynamic) async,bl #0x1f4b70,libapp.so,0x1f4b70,0x1f4b70,(unresolved) no symbol in the committed dump covers this code address,candidate,"output/blutter/asm/bfg.dart:248 inside `[closure] Future<void> <anonymous closure>(dynamic) async` (function entry 0x527e48), instruction `//     0x527f98: bl              #0x1f4b70`",output/blutter/asm/bfg.dart:248,"file output/blutter/asm/bfg.dart, class TX, function at 0x527e48"
E0432,CH-11,0,L5,dart_tail_call,libapp.so,0x527fa0,TX::[closure] Future<void> <anonymous closure>(dynamic) async,b #0x519244  ; ReturnAsyncNotFutureStub,libapp.so,0x519244,ReturnAsyncNotFutureStub,blutter's inline stub comment in the same listing,proven,"output/blutter/asm/bfg.dart:252 inside `[closure] Future<void> <anonymous closure>(dynamic) async` (function entry 0x527e48), instruction `//     0x527fa0: b               #0x519244  ; ReturnAsyncNotFutureStub`",output/blutter/asm/bfg.dart:252,"file output/blutter/asm/bfg.dart, class TX, function at 0x527e48"
E0433,CH-11,0,L5,dart_call,libapp.so,0x527fa4,TX::[closure] Future<void> <anonymous closure>(dynamic) async,bl #0x554734  ; StackOverflowSharedWithoutFPURegsStub,libapp.so,0x554734,StackOverflowSharedWithoutFPURegsStub,blutter's inline stub comment in the same listing,proven,"output/blutter/asm/bfg.dart:254 inside `[closure] Future<void> <anonymous closure>(dynamic) async` (function entry 0x527e48), instruction `//     0x527fa4: bl              #0x554734  ; StackOverflowSharedWithoutFPURegsStub`",output/blutter/asm/bfg.dart:254,"file output/blutter/asm/bfg.dart, class TX, function at 0x527e48"
E0434,CH-11,0,L5,dart_tail_call,libapp.so,0x527fa8,TX::[closure] Future<void> <anonymous closure>(dynamic) async,b #0x527e7c,libapp.so,0x527e7c,bfg_TX::_anon_closure_527e48,inside the function blutter names at 0x527e48 (add_func range),strong,"output/blutter/asm/bfg.dart:255 inside `[closure] Future<void> <anonymous closure>(dynamic) async` (function entry 0x527e48), instruction `// 0x527fa8: b               #0x527e7c`",output/blutter/asm/bfg.dart:255,"file output/blutter/asm/bfg.dart, class TX, function at 0x527e48"
E0435,CH-11,0,L5,dart_call,libapp.so,0x527fac,TX::[closure] Future<void> <anonymous closure>(dynamic) async,bl #0x554cdc  ; NullCastErrorSharedWithoutFPURegsStub,libapp.so,0x554cdc,NullCastErrorSharedWithoutFPURegsStub,blutter's inline stub comment in the same listing,proven,"output/blutter/asm/bfg.dart:257 inside `[closure] Future<void> <anonymous closure>(dynamic) async` (function entry 0x527e48), instruction `//     0x527fac: bl              #0x554cdc  ; NullCastErrorSharedWithoutFPURegsStub`",output/blutter/asm/bfg.dart:257,"file output/blutter/asm/bfg.dart, class TX, function at 0x527e48"
E0436,CH-11,0,L5,dart_call,libapp.so,0x527fb0,TX::[closure] Future<void> <anonymous closure>(dynamic) async,bl #0x554cdc  ; NullCastErrorSharedWithoutFPURegsStub,libapp.so,0x554cdc,NullCastErrorSharedWithoutFPURegsStub,blutter's inline stub comment in the same listing,proven,"output/blutter/asm/bfg.dart:259 inside `[closure] Future<void> <anonymous closure>(dynamic) async` (function entry 0x527e48), instruction `//     0x527fb0: bl              #0x554cdc  ; NullCastErrorSharedWithoutFPURegsStub`",output/blutter/asm/bfg.dart:259,"file output/blutter/asm/bfg.dart, class TX, function at 0x527e48"
E0622,CH-11,0,L5,dart_call,libapp.so,0x52b51c,Yoa::[closure] static Future<Uint8List> <anonymous closure>(dynamic) async,bl #0x519270  ; InitAsyncStub,libapp.so,0x519270,InitAsyncStub,blutter's inline stub comment in the same listing,proven,"output/blutter/asm/xkg.dart:45 inside `[closure] static Future<Uint8List> <anonymous closure>(dynamic) async` (function entry 0x52b4e4), instruction `//     0x52b51c: bl              #0x519270  ; InitAsyncStub`",output/blutter/asm/xkg.dart:45,"file output/blutter/asm/xkg.dart, class Yoa, function at 0x52b4e4"
E0623,CH-11,0,L5,dart_call,libapp.so,0x52b590,Yoa::[closure] static Future<Uint8List> <anonymous closure>(dynamic) async,bl #0x552678  ; InitLateFinalStaticFieldStub,libapp.so,0x552678,InitLateFinalStaticFieldStub,blutter's inline stub comment in the same listing,proven,"output/blutter/asm/xkg.dart:85 inside `[closure] static Future<Uint8List> <anonymous closure>(dynamic) async` (function entry 0x52b4e4), instruction `//     0x52b590: bl              #0x552678  ; InitLateFinalStaticFieldStub`",output/blutter/asm/xkg.dart:85,"file output/blutter/asm/xkg.dart, class Yoa, function at 0x52b4e4"
E0624,CH-11,0,L5,dart_call,libapp.so,0x52b654,Yoa::[closure] static Future<Uint8List> <anonymous closure>(dynamic) async,bl #0x554308  ; AllocateUint8ArrayStub,libapp.so,0x554308,AllocateUint8ArrayStub,blutter's inline stub comment in the same listing,proven,"output/blutter/asm/xkg.dart:148 inside `[closure] static Future<Uint8List> <anonymous closure>(dynamic) async` (function entry 0x52b4e4), instruction `//     0x52b654: bl              #0x554308  ; AllocateUint8ArrayStub`",output/blutter/asm/xkg.dart:148,"file output/blutter/asm/xkg.dart, class Yoa, function at 0x52b4e4"
E0625,CH-11,0,L5,dart_call,libapp.so,0x52b680,Yoa::[closure] static Future<Uint8List> <anonymous closure>(dynamic) async,bl #0x1773b0,libapp.so,0x1773b0,0x1773b0,(unresolved) no symbol in the committed dump covers this code address,candidate,"output/blutter/asm/xkg.dart:162 inside `[closure] static Future<Uint8List> <anonymous closure>(dynamic) async` (function entry 0x52b4e4), instruction `//     0x52b680: bl              #0x1773b0`",output/blutter/asm/xkg.dart:162,"file output/blutter/asm/xkg.dart, class Yoa, function at 0x52b4e4"
E0626,CH-11,0,L5,dart_tail_call,libapp.so,0x52b698,Yoa::[closure] static Future<Uint8List> <anonymous closure>(dynamic) async,b #0x52b7c0,libapp.so,0x52b7c0,xkg_Yoa::_anon_closure_52b4e4,inside the function blutter names at 0x52b4e4 (add_func range),strong,"output/blutter/asm/xkg.dart:168 inside `[closure] static Future<Uint8List> <anonymous closure>(dynamic) async` (function entry 0x52b4e4), instruction `// 0x52b698: b               #0x52b7c0`",output/blutter/asm/xkg.dart:168,"file output/blutter/asm/xkg.dart, class Yoa, function at 0x52b4e4"
E0627,CH-11,0,L5,dart_tail_call,libapp.so,0x52b728,Yoa::[closure] static Future<Uint8List> <anonymous closure>(dynamic) async,b #0x52b774,libapp.so,0x52b774,xkg_Yoa::_anon_closure_52b4e4,inside the function blutter names at 0x52b4e4 (add_func range),strong,"output/blutter/asm/xkg.dart:204 inside `[closure] static Future<Uint8List> <anonymous closure>(dynamic) async` (function entry 0x52b4e4), instruction `// 0x52b728: b               #0x52b774`",output/blutter/asm/xkg.dart:204,"file output/blutter/asm/xkg.dart, class Yoa, function at 0x52b4e4"
E0628,CH-11,0,L5,dart_tail_call,libapp.so,0x52b774,Yoa::[closure] static Future<Uint8List> <anonymous closure>(dynamic) async,b #0x52b7c0,libapp.so,0x52b7c0,xkg_Yoa::_anon_closure_52b4e4,inside the function blutter names at 0x52b4e4 (add_func range),strong,"output/blutter/asm/xkg.dart:223 inside `[closure] static Future<Uint8List> <anonymous closure>(dynamic) async` (function entry 0x52b4e4), instruction `// 0x52b774: b               #0x52b7c0`",output/blutter/asm/xkg.dart:223,"file output/blutter/asm/xkg.dart, class Yoa, function at 0x52b4e4"
E0629,CH-11,0,L5,dart_tail_call,libapp.so,0x52b7c4,Yoa::[closure] static Future<Uint8List> <anonymous closure>(dynamic) async,b #0x519244  ; ReturnAsyncNotFutureStub,libapp.so,0x519244,ReturnAsyncNotFutureStub,blutter's inline stub comment in the same listing,proven,"output/blutter/asm/xkg.dart:246 inside `[closure] static Future<Uint8List> <anonymous closure>(dynamic) async` (function entry 0x52b4e4), instruction `//     0x52b7c4: b               #0x519244  ; ReturnAsyncNotFutureStub`",output/blutter/asm/xkg.dart:246,"file output/blutter/asm/xkg.dart, class Yoa, function at 0x52b4e4"
E0630,CH-11,0,L5,dart_call,libapp.so,0x52b7d0,Yoa::[closure] static Future<Uint8List> <anonymous closure>(dynamic) async,bl #0x50fe20  ; AllocateCaStub -> Ca (size=0x10),libapp.so,0x50fe20,AllocateCaStub -> Ca (size=0x10),blutter's inline stub comment in the same listing,proven,"output/blutter/asm/xkg.dart:250 inside `[closure] static Future<Uint8List> <anonymous closure>(dynamic) async` (function entry 0x52b4e4), instruction `//     0x52b7d0: bl              #0x50fe20  ; AllocateCaStub -> Ca (size=0x10)`",output/blutter/asm/xkg.dart:250,"file output/blutter/asm/xkg.dart, class Yoa, function at 0x52b4e4"
E0631,CH-11,0,L5,dart_call,libapp.so,0x52b7ec,Yoa::[closure] static Future<Uint8List> <anonymous closure>(dynamic) async,bl #0x1afcac,libapp.so,0x1afcac,0x1afcac,(unresolved) no symbol in the committed dump covers this code address,candidate,"output/blutter/asm/xkg.dart:261 inside `[closure] static Future<Uint8List> <anonymous closure>(dynamic) async` (function entry 0x52b4e4), instruction `//     0x52b7ec: bl              #0x1afcac`",output/blutter/asm/xkg.dart:261,"file output/blutter/asm/xkg.dart, class Yoa, function at 0x52b4e4"
E0632,CH-11,0,L5,dart_call,libapp.so,0x52b7f8,Yoa::[closure] static Future<Uint8List> <anonymous closure>(dynamic) async,bl #0x518e60  ; AwaitStub,libapp.so,0x518e60,AwaitStub,blutter's inline stub comment in the same listing,proven,"output/blutter/asm/xkg.dart:265 inside `[closure] static Future<Uint8List> <anonymous closure>(dynamic) async` (function entry 0x52b4e4), instruction `//     0x52b7f8: bl              #0x518e60  ; AwaitStub`",output/blutter/asm/xkg.dart:265,"file output/blutter/asm/xkg.dart, class Yoa, function at 0x52b4e4"
E0633,CH-11,0,L5,dart_tail_call,libapp.so,0x52b804,Yoa::[closure] static Future<Uint8List> <anonymous closure>(dynamic) async,b #0x52b524,libapp.so,0x52b524,xkg_Yoa::_anon_closure_52b4e4,inside the function blutter names at 0x52b4e4 (add_func range),strong,"output/blutter/asm/xkg.dart:268 inside `[closure] static Future<Uint8List> <anonymous closure>(dynamic) async` (function entry 0x52b4e4), instruction `// 0x52b804: b               #0x52b524`",output/blutter/asm/xkg.dart:268,"file output/blutter/asm/xkg.dart, class Yoa, function at 0x52b4e4"
E0634,CH-11,0,L5,dart_call,libapp.so,0x52b80c,Yoa::[closure] static Future<Uint8List> <anonymous closure>(dynamic) async,bl #0x554308  ; AllocateUint8ArrayStub,libapp.so,0x554308,AllocateUint8ArrayStub,blutter's inline stub comment in the same listing,proven,"output/blutter/asm/xkg.dart:272 inside `[closure] static Future<Uint8List> <anonymous closure>(dynamic) async` (function entry 0x52b4e4), instruction `//     0x52b80c: bl              #0x554308  ; AllocateUint8ArrayStub`",output/blutter/asm/xkg.dart:272,"file output/blutter/asm/xkg.dart, class Yoa, function at 0x52b4e4"
E0635,CH-11,0,L5,dart_tail_call,libapp.so,0x52b810,Yoa::[closure] static Future<Uint8List> <anonymous closure>(dynamic) async,b #0x519244  ; ReturnAsyncNotFutureStub,libapp.so,0x519244,ReturnAsyncNotFutureStub,blutter's inline stub comment in the same listing,proven,"output/blutter/asm/xkg.dart:274 inside `[closure] static Future<Uint8List> <anonymous closure>(dynamic) async` (function entry 0x52b4e4), instruction `//     0x52b810: b               #0x519244  ; ReturnAsyncNotFutureStub`",output/blutter/asm/xkg.dart:274,"file output/blutter/asm/xkg.dart, class Yoa, function at 0x52b4e4"
E0636,CH-11,0,L5,dart_call,libapp.so,0x52b814,Yoa::[closure] static Future<Uint8List> <anonymous closure>(dynamic) async,bl #0x510bc4  ; AllocateArgumentErrorStub -> ArgumentError (size=0x1c),libapp.so,0x510bc4,AllocateArgumentErrorStub -> ArgumentError (size=0x1c),blutter's inline stub comment in the same listing,proven,"output/blutter/asm/xkg.dart:276 inside `[closure] static Future<Uint8List> <anonymous closure>(dynamic) async` (function entry 0x52b4e4), instruction `//     0x52b814: bl              #0x510bc4  ; AllocateArgumentErrorStub -> ArgumentError (size=0x1c)`",output/blutter/asm/xkg.dart:276,"file output/blutter/asm/xkg.dart, class Yoa, function at 0x52b4e4"
E0637,CH-11,0,L5,dart_call,libapp.so,0x52b834,Yoa::[closure] static Future<Uint8List> <anonymous closure>(dynamic) async,bl #0x5527dc  ; ThrowStub,libapp.so,0x5527dc,ThrowStub,blutter's inline stub comment in the same listing,proven,"output/blutter/asm/xkg.dart:289 inside `[closure] static Future<Uint8List> <anonymous closure>(dynamic) async` (function entry 0x52b4e4), instruction `//     0x52b834: bl              #0x5527dc  ; ThrowStub`",output/blutter/asm/xkg.dart:289,"file output/blutter/asm/xkg.dart, class Yoa, function at 0x52b4e4"
E0638,CH-11,0,L5,dart_call,libapp.so,0x52b83c,Yoa::[closure] static Future<Uint8List> <anonymous closure>(dynamic) async,bl #0x177334,libapp.so,0x177334,0x177334,(unresolved) no symbol in the committed dump covers this code address,candidate,"output/blutter/asm/xkg.dart:292 inside `[closure] static Future<Uint8List> <anonymous closure>(dynamic) async` (function entry 0x52b4e4), instruction `//     0x52b83c: bl              #0x177334`",output/blutter/asm/xkg.dart:292,"file output/blutter/asm/xkg.dart, class Yoa, function at 0x52b4e4"
E0639,CH-11,0,L5,dart_call,libapp.so,0x52b840,Yoa::[closure] static Future<Uint8List> <anonymous closure>(dynamic) async,bl #0x5527dc  ; ThrowStub,libapp.so,0x5527dc,ThrowStub,blutter's inline stub comment in the same listing,proven,"output/blutter/asm/xkg.dart:294 inside `[closure] static Future<Uint8List> <anonymous closure>(dynamic) async` (function entry 0x52b4e4), instruction `//     0x52b840: bl              #0x5527dc  ; ThrowStub`",output/blutter/asm/xkg.dart:294,"file output/blutter/asm/xkg.dart, class Yoa, function at 0x52b4e4"
E0640,CH-11,0,L5,dart_call,libapp.so,0x52b848,Yoa::[closure] static Future<Uint8List> <anonymous closure>(dynamic) async,bl #0x554734  ; StackOverflowSharedWithoutFPURegsStub,libapp.so,0x554734,StackOverflowSharedWithoutFPURegsStub,blutter's inline stub comment in the same listing,proven,"output/blutter/asm/xkg.dart:297 inside `[closure] static Future<Uint8List> <anonymous closure>(dynamic) async` (function entry 0x52b4e4), instruction `//     0x52b848: bl              #0x554734  ; StackOverflowSharedWithoutFPURegsStub`",output/blutter/asm/xkg.dart:297,"file output/blutter/asm/xkg.dart, class Yoa, function at 0x52b4e4"
E0641,CH-11,0,L5,dart_tail_call,libapp.so,0x52b84c,Yoa::[closure] static Future<Uint8List> <anonymous closure>(dynamic) async,b #0x52b518,libapp.so,0x52b518,xkg_Yoa::_anon_closure_52b4e4,inside the function blutter names at 0x52b4e4 (add_func range),strong,"output/blutter/asm/xkg.dart:298 inside `[closure] static Future<Uint8List> <anonymous closure>(dynamic) async` (function entry 0x52b4e4), instruction `// 0x52b84c: b               #0x52b518`",output/blutter/asm/xkg.dart:298,"file output/blutter/asm/xkg.dart, class Yoa, function at 0x52b4e4"
E0642,CH-11,0,L5,dart_call,libapp.so,0x52b850,Yoa::[closure] static Future<Uint8List> <anonymous closure>(dynamic) async,bl #0x554734  ; StackOverflowSharedWithoutFPURegsStub,libapp.so,0x554734,StackOverflowSharedWithoutFPURegsStub,blutter's inline stub comment in the same listing,proven,"output/blutter/asm/xkg.dart:300 inside `[closure] static Future<Uint8List> <anonymous closure>(dynamic) async` (function entry 0x52b4e4), instruction `//     0x52b850: bl              #0x554734  ; StackOverflowSharedWithoutFPURegsStub`",output/blutter/asm/xkg.dart:300,"file output/blutter/asm/xkg.dart, class Yoa, function at 0x52b4e4"
E0643,CH-11,0,L5,dart_tail_call,libapp.so,0x52b854,Yoa::[closure] static Future<Uint8List> <anonymous closure>(dynamic) async,b #0x52b538,libapp.so,0x52b538,xkg_Yoa::_anon_closure_52b4e4,inside the function blutter names at 0x52b4e4 (add_func range),strong,"output/blutter/asm/xkg.dart:301 inside `[closure] static Future<Uint8List> <anonymous closure>(dynamic) async` (function entry 0x52b4e4), instruction `// 0x52b854: b               #0x52b538`",output/blutter/asm/xkg.dart:301,"file output/blutter/asm/xkg.dart, class Yoa, function at 0x52b4e4"
E0644,CH-11,0,L5,dart_call,libapp.so,0x52b85c,Yoa::[closure] static Future<Uint8List> <anonymous closure>(dynamic) async,bl #0x5545d8  ; AllocateMintStub,libapp.so,0x5545d8,AllocateMintStub,blutter's inline stub comment in the same listing,proven,"output/blutter/asm/xkg.dart:304 inside `[closure] static Future<Uint8List> <anonymous closure>(dynamic) async` (function entry 0x52b4e4), instruction `//     0x52b85c: bl              #0x5545d8  ; AllocateMintStub`",output/blutter/asm/xkg.dart:304,"file output/blutter/asm/xkg.dart, class Yoa, function at 0x52b4e4"
E0645,CH-11,0,L5,dart_tail_call,libapp.so,0x52b868,Yoa::[closure] static Future<Uint8List> <anonymous closure>(dynamic) async,b #0x52b62c,libapp.so,0x52b62c,xkg_Yoa::_anon_closure_52b4e4,inside the function blutter names at 0x52b4e4 (add_func range),strong,"output/blutter/asm/xkg.dart:307 inside `[closure] static Future<Uint8List> <anonymous closure>(dynamic) async` (function entry 0x52b4e4), instruction `// 0x52b868: b               #0x52b62c`",output/blutter/asm/xkg.dart:307,"file output/blutter/asm/xkg.dart, class Yoa, function at 0x52b4e4"
E0197,CH-11,0,L5,dart_call,libapp.so,0x53313c,"_Bpa::[closure] Null <anonymous closure>(dynamic, bool, String)",bl #0x3102f4,libapp.so,0x3102f4,0x3102f4,(unresolved) no symbol in the committed dump covers this code address,candidate,"output/blutter/asm/Kkg.dart:30 inside `[closure] Null <anonymous closure>(dynamic, bool, String)` (function entry 0x533110), instruction `//     0x53313c: bl              #0x3102f4`",output/blutter/asm/Kkg.dart:30,"file output/blutter/asm/Kkg.dart, class _Bpa, function at 0x533110"
E0198,CH-11,0,L5,dart_call,libapp.so,0x5331b0,"_Bpa::[closure] Null <anonymous closure>(dynamic, bool, String)",bl #0x5526e0  ; InitLateStaticFieldStub,libapp.so,0x5526e0,InitLateStaticFieldStub,blutter's inline stub comment in the same listing,proven,"output/blutter/asm/Kkg.dart:67 inside `[closure] Null <anonymous closure>(dynamic, bool, String)` (function entry 0x533110), instruction `//     0x5331b0: bl              #0x5526e0  ; InitLateStaticFieldStub`",output/blutter/asm/Kkg.dart:67,"file output/blutter/asm/Kkg.dart, class _Bpa, function at 0x533110"
E0199,CH-11,0,L5,dart_call,libapp.so,0x533220,"_Bpa::[closure] Null <anonymous closure>(dynamic, bool, String)",bl #0x55b758  ; IsType_int_Stub,libapp.so,0x55b758,IsType_int_Stub,blutter's inline stub comment in the same listing,proven,"output/blutter/asm/Kkg.dart:107 inside `[closure] Null <anonymous closure>(dynamic, bool, String)` (function entry 0x533110), instruction `//     0x533220: bl              #0x55b758  ; IsType_int_Stub`",output/blutter/asm/Kkg.dart:107,"file output/blutter/asm/Kkg.dart, class _Bpa, function at 0x533110"
E0200,CH-11,0,L5,dart_tail_call,libapp.so,0x533240,"_Bpa::[closure] Null <anonymous closure>(dynamic, bool, String)",b #0x533250,libapp.so,0x533250,Kkg__Bpa::_anon_closure_533110,inside the function blutter names at 0x533110 (add_func range),strong,"output/blutter/asm/Kkg.dart:117 inside `[closure] Null <anonymous closure>(dynamic, bool, String)` (function entry 0x533110), instruction `// 0x533240: b               #0x533250`",output/blutter/asm/Kkg.dart:117,"file output/blutter/asm/Kkg.dart, class _Bpa, function at 0x533110"
E0201,CH-11,0,L5,dart_instantiates_closure,libapp.so,0x533264,"_Bpa::[closure] Null <anonymous closure>(dynamic, bool, String)","ldr xN, [PP, #0x13a30]",libapp.so,0x310338,[Kkg] _Bpa::<anonymous closure> closure @ 0x310338 (pool slot pp+0x13a30),pool slot named in the same disassembly line,proven,"output/blutter/asm/Kkg.dart:131 `//     0x533264: add             x1, PP, #0x13, lsl #12  ; [pp+0x13a30] AnonymousClosure: (0x310338), in [Kkg] _Bpa::<anonymous closure> (0x2f8928)`",output/blutter/asm/Kkg.dart:131,closure allocated here runs at 0x310338
E0202,CH-11,0,L5,dart_call,libapp.so,0x53326c,"_Bpa::[closure] Null <anonymous closure>(dynamic, bool, String)",bl #0x553954  ; AllocateClosureStub,libapp.so,0x553954,AllocateClosureStub,blutter's inline stub comment in the same listing,proven,"output/blutter/asm/Kkg.dart:134 inside `[closure] Null <anonymous closure>(dynamic, bool, String)` (function entry 0x533110), instruction `//     0x53326c: bl              #0x553954  ; AllocateClosureStub`",output/blutter/asm/Kkg.dart:134,"file output/blutter/asm/Kkg.dart, class _Bpa, function at 0x533110"
E0203,CH-11,0,L5,dart_call,libapp.so,0x533278,"_Bpa::[closure] Null <anonymous closure>(dynamic, bool, String)",bl #0x1a5b64,libapp.so,0x1a5b64,0x1a5b64,(unresolved) no symbol in the committed dump covers this code address,candidate,"output/blutter/asm/Kkg.dart:138 inside `[closure] Null <anonymous closure>(dynamic, bool, String)` (function entry 0x533110), instruction `//     0x533278: bl              #0x1a5b64`",output/blutter/asm/Kkg.dart:138,"file output/blutter/asm/Kkg.dart, class _Bpa, function at 0x533110"
E0204,CH-11,0,L5,dart_call,libapp.so,0x53328c,"_Bpa::[closure] Null <anonymous closure>(dynamic, bool, String)",bl #0x554734  ; StackOverflowSharedWithoutFPURegsStub,libapp.so,0x554734,StackOverflowSharedWithoutFPURegsStub,blutter's inline stub comment in the same listing,proven,"output/blutter/asm/Kkg.dart:147 inside `[closure] Null <anonymous closure>(dynamic, bool, String)` (function entry 0x533110), instruction `//     0x53328c: bl              #0x554734  ; StackOverflowSharedWithoutFPURegsStub`",output/blutter/asm/Kkg.dart:147,"file output/blutter/asm/Kkg.dart, class _Bpa, function at 0x533110"
E0205,CH-11,0,L5,dart_tail_call,libapp.so,0x533290,"_Bpa::[closure] Null <anonymous closure>(dynamic, bool, String)",b #0x533138,libapp.so,0x533138,Kkg__Bpa::_anon_closure_533110,inside the function blutter names at 0x533110 (add_func range),strong,"output/blutter/asm/Kkg.dart:148 inside `[closure] Null <anonymous closure>(dynamic, bool, String)` (function entry 0x533110), instruction `// 0x533290: b               #0x533138`",output/blutter/asm/Kkg.dart:148,"file output/blutter/asm/Kkg.dart, class _Bpa, function at 0x533110"
E0206,CH-11,0,L5,dart_call,libapp.so,0x533294,"_Bpa::[closure] Null <anonymous closure>(dynamic, bool, String)",bl #0x554cdc  ; NullCastErrorSharedWithoutFPURegsStub,libapp.so,0x554cdc,NullCastErrorSharedWithoutFPURegsStub,blutter's inline stub comment in the same listing,proven,"output/blutter/asm/Kkg.dart:150 inside `[closure] Null <anonymous closure>(dynamic, bool, String)` (function entry 0x533110), instruction `//     0x533294: bl              #0x554cdc  ; NullCastErrorSharedWithoutFPURegsStub`",output/blutter/asm/Kkg.dart:150,"file output/blutter/asm/Kkg.dart, class _Bpa, function at 0x533110"
E0207,CH-11,0,L5,dart_call,libapp.so,0x5332fc,_Bpa::[closure] Future<void> <anonymous closure>(dynamic) async,bl #0x519270  ; InitAsyncStub,libapp.so,0x519270,InitAsyncStub,blutter's inline stub comment in the same listing,proven,"output/blutter/asm/Kkg.dart:173 inside `[closure] Future<void> <anonymous closure>(dynamic) async` (function entry 0x5332c4), instruction `//     0x5332fc: bl              #0x519270  ; InitAsyncStub`",output/blutter/asm/Kkg.dart:173,"file output/blutter/asm/Kkg.dart, class _Bpa, function at 0x5332c4"
E0208,CH-11,0,L5,dart_call,libapp.so,0x533300,_Bpa::[closure] Future<void> <anonymous closure>(dynamic) async,bl #0x5333f8  ; [] ::__unknown_function__,libapp.so,0x5333f8,[] ::__unknown_function__,blutter's inline stub comment in the same listing,proven,"output/blutter/asm/Kkg.dart:175 inside `[closure] Future<void> <anonymous closure>(dynamic) async` (function entry 0x5332c4), instruction `//     0x533300: bl              #0x5333f8  ; [] ::__unknown_function__`",output/blutter/asm/Kkg.dart:175,"file output/blutter/asm/Kkg.dart, class _Bpa, function at 0x5332c4"
E0209,CH-11,0,L5,dart_call,libapp.so,0x53330c,_Bpa::[closure] Future<void> <anonymous closure>(dynamic) async,bl #0x518e60  ; AwaitStub,libapp.so,0x518e60,AwaitStub,blutter's inline stub comment in the same listing,proven,"output/blutter/asm/Kkg.dart:179 inside `[closure] Future<void> <anonymous closure>(dynamic) async` (function entry 0x5332c4), instruction `//     0x53330c: bl              #0x518e60  ; AwaitStub`",output/blutter/asm/Kkg.dart:179,"file output/blutter/asm/Kkg.dart, class _Bpa, function at 0x5332c4"
E0210,CH-11,0,L5,dart_call,libapp.so,0x533320,_Bpa::[closure] Future<void> <anonymous closure>(dynamic) async,bl #0x52b878  ; AllocateqoaStub -> qoa (size=0x30),libapp.so,0x52b878,AllocateqoaStub -> qoa (size=0x30),blutter's inline stub comment in the same listing,proven,"output/blutter/asm/Kkg.dart:187 inside `[closure] Future<void> <anonymous closure>(dynamic) async` (function entry 0x5332c4), instruction `//     0x533320: bl              #0x52b878  ; AllocateqoaStub -> qoa (size=0x30)`",output/blutter/asm/Kkg.dart:187,"file output/blutter/asm/Kkg.dart, class _Bpa, function at 0x5332c4"
E0211,CH-11,0,L5,dart_call,libapp.so,0x533374,_Bpa::[closure] Future<void> <anonymous closure>(dynamic) async,bl #0x448aa0,libapp.so,0x448aa0,0x448aa0,(unresolved) no symbol in the committed dump covers this code address,candidate,"output/blutter/asm/Kkg.dart:221 inside `[closure] Future<void> <anonymous closure>(dynamic) async` (function entry 0x5332c4), instruction `//     0x533374: bl              #0x448aa0`",output/blutter/asm/Kkg.dart:221,"file output/blutter/asm/Kkg.dart, class _Bpa, function at 0x5332c4"
E0212,CH-11,0,L5,dart_call,libapp.so,0x533388,_Bpa::[closure] Future<void> <anonymous closure>(dynamic) async,bl #0x52b878  ; AllocateqoaStub -> qoa (size=0x30),libapp.so,0x52b878,AllocateqoaStub -> qoa (size=0x30),blutter's inline stub comment in the same listing,proven,"output/blutter/asm/Kkg.dart:229 inside `[closure] Future<void> <anonymous closure>(dynamic) async` (function entry 0x5332c4), instruction `//     0x533388: bl              #0x52b878  ; AllocateqoaStub -> qoa (size=0x30)`",output/blutter/asm/Kkg.dart:229,"file output/blutter/asm/Kkg.dart, class _Bpa, function at 0x5332c4"
E0213,CH-11,0,L5,dart_call,libapp.so,0x5333dc,_Bpa::[closure] Future<void> <anonymous closure>(dynamic) async,bl #0x448aa0,libapp.so,0x448aa0,0x448aa0,(unresolved) no symbol in the committed dump covers this code address,candidate,"output/blutter/asm/Kkg.dart:263 inside `[closure] Future<void> <anonymous closure>(dynamic) async` (function entry 0x5332c4), instruction `//     0x5333dc: bl              #0x448aa0`",output/blutter/asm/Kkg.dart:263,"file output/blutter/asm/Kkg.dart, class _Bpa, function at 0x5332c4"
E0214,CH-11,0,L5,dart_tail_call,libapp.so,0x5333e4,_Bpa::[closure] Future<void> <anonymous closure>(dynamic) async,b #0x519244  ; ReturnAsyncNotFutureStub,libapp.so,0x519244,ReturnAsyncNotFutureStub,blutter's inline stub comment in the same listing,proven,"output/blutter/asm/Kkg.dart:267 inside `[closure] Future<void> <anonymous closure>(dynamic) async` (function entry 0x5332c4), instruction `//     0x5333e4: b               #0x519244  ; ReturnAsyncNotFutureStub`",output/blutter/asm/Kkg.dart:267,"file output/blutter/asm/Kkg.dart, class _Bpa, function at 0x5332c4"
E0215,CH-11,0,L5,dart_call,libapp.so,0x5333e8,_Bpa::[closure] Future<void> <anonymous closure>(dynamic) async,bl #0x554734  ; StackOverflowSharedWithoutFPURegsStub,libapp.so,0x554734,StackOverflowSharedWithoutFPURegsStub,blutter's inline stub comment in the same listing,proven,"output/blutter/asm/Kkg.dart:269 inside `[closure] Future<void> <anonymous closure>(dynamic) async` (function entry 0x5332c4), instruction `//     0x5333e8: bl              #0x554734  ; StackOverflowSharedWithoutFPURegsStub`",output/blutter/asm/Kkg.dart:269,"file output/blutter/asm/Kkg.dart, class _Bpa, function at 0x5332c4"
E0216,CH-11,0,L5,dart_tail_call,libapp.so,0x5333ec,_Bpa::[closure] Future<void> <anonymous closure>(dynamic) async,b #0x5332f8,libapp.so,0x5332f8,Kkg__Bpa::_anon_closure_5332c4,inside the function blutter names at 0x5332c4 (add_func range),strong,"output/blutter/asm/Kkg.dart:270 inside `[closure] Future<void> <anonymous closure>(dynamic) async` (function entry 0x5332c4), instruction `// 0x5333ec: b               #0x5332f8`",output/blutter/asm/Kkg.dart:270,"file output/blutter/asm/Kkg.dart, class _Bpa, function at 0x5332c4"
E0217,CH-11,0,L5,dart_call,libapp.so,0x5333f0,_Bpa::[closure] Future<void> <anonymous closure>(dynamic) async,bl #0x554cdc  ; NullCastErrorSharedWithoutFPURegsStub,libapp.so,0x554cdc,NullCastErrorSharedWithoutFPURegsStub,blutter's inline stub comment in the same listing,proven,"output/blutter/asm/Kkg.dart:272 inside `[closure] Future<void> <anonymous closure>(dynamic) async` (function entry 0x5332c4), instruction `//     0x5333f0: bl              #0x554cdc  ; NullCastErrorSharedWithoutFPURegsStub`",output/blutter/asm/Kkg.dart:272,"file output/blutter/asm/Kkg.dart, class _Bpa, function at 0x5332c4"
E0218,CH-11,0,L5,dart_call,libapp.so,0x5333f4,_Bpa::[closure] Future<void> <anonymous closure>(dynamic) async,bl #0x554cdc  ; NullCastErrorSharedWithoutFPURegsStub,libapp.so,0x554cdc,NullCastErrorSharedWithoutFPURegsStub,blutter's inline stub comment in the same listing,proven,"output/blutter/asm/Kkg.dart:274 inside `[closure] Future<void> <anonymous closure>(dynamic) async` (function entry 0x5332c4), instruction `//     0x5333f4: bl              #0x554cdc  ; NullCastErrorSharedWithoutFPURegsStub`",output/blutter/asm/Kkg.dart:274,"file output/blutter/asm/Kkg.dart, class _Bpa, function at 0x5332c4"
E0288,CH-11,0,L5,dart_call,libapp.so,0x533bd8,"at::int [](at, int)",bl #0x55b758  ; IsType_int_Stub,libapp.so,0x55b758,IsType_int_Stub,blutter's inline stub comment in the same listing,proven,"output/blutter/asm/YXf.dart:36 inside `int [](at, int)` (function entry 0x533ba0), instruction `//     0x533bd8: bl              #0x55b758  ; IsType_int_Stub`",output/blutter/asm/YXf.dart:36,"file output/blutter/asm/YXf.dart, class at, function at 0x533ba0"
E0289,CH-11,0,L5,dart_call,libapp.so,0x533bf4,"at::int [](at, int)",bl #0x5527dc  ; ThrowStub,libapp.so,0x5527dc,ThrowStub,blutter's inline stub comment in the same listing,proven,"output/blutter/asm/YXf.dart:47 inside `int [](at, int)` (function entry 0x533ba0), instruction `//     0x533bf4: bl              #0x5527dc  ; ThrowStub`",output/blutter/asm/YXf.dart:47,"file output/blutter/asm/YXf.dart, class at, function at 0x533ba0"
E0290,CH-11,0,L5,dart_call,libapp.so,0x533bfc,"at::int [](at, int)",bl #0x554cdc  ; NullCastErrorSharedWithoutFPURegsStub,libapp.so,0x554cdc,NullCastErrorSharedWithoutFPURegsStub,blutter's inline stub comment in the same listing,proven,"output/blutter/asm/YXf.dart:50 inside `int [](at, int)` (function entry 0x533ba0), instruction `//     0x533bfc: bl              #0x554cdc  ; NullCastErrorSharedWithoutFPURegsStub`",output/blutter/asm/YXf.dart:50,"file output/blutter/asm/YXf.dart, class at, function at 0x533ba0"
E0141,CH-11,7,L5,dart_call,libapp.so,0x534020,"rs::ss [](rs, int)",bl #0x55b758  ; IsType_int_Stub,libapp.so,0x55b758,IsType_int_Stub,blutter's inline stub comment in the same listing,proven,"output/blutter/asm/GXf.dart:34 inside `ss [](rs, int)` (function entry 0x533fe8), instruction `//     0x534020: bl              #0x55b758  ; IsType_int_Stub`",output/blutter/asm/GXf.dart:34,"file output/blutter/asm/GXf.dart, class rs, function at 0x533fe8"
E0142,CH-11,6,L5,dart_call,libapp.so,0x534028,"rs::ss [](rs, int)",bl #0x5527dc  ; ThrowStub,libapp.so,0x5527dc,ThrowStub,blutter's inline stub comment in the same listing,proven,"output/blutter/asm/GXf.dart:38 inside `ss [](rs, int)` (function entry 0x533fe8), instruction `//     0x534028: bl              #0x5527dc  ; ThrowStub`",output/blutter/asm/GXf.dart:38,"file output/blutter/asm/GXf.dart, class rs, function at 0x533fe8"
E0329,CH-11,0,L5,dart_call,libapp.so,0x534078,"bt::[closure] String Eif(dynamic, List<int>)",bl #0x431504,libapp.so,0x431504,0x431504,(unresolved) no symbol in the committed dump covers this code address,candidate,"output/blutter/asm/ZXf.dart:36 inside `[closure] String Eif(dynamic, List<int>)` (function entry 0x53403c), instruction `//     0x534078: bl              #0x431504`",output/blutter/asm/ZXf.dart:36,"file output/blutter/asm/ZXf.dart, class bt, function at 0x53403c"
E0330,CH-11,0,L5,dart_tail_call,libapp.so,0x53407c,"bt::[closure] String Eif(dynamic, List<int>)",b #0x534090,libapp.so,0x534090,ZXf_bt::Eif_53403c,inside the function blutter names at 0x53403c (add_func range),strong,"output/blutter/asm/ZXf.dart:37 inside `[closure] String Eif(dynamic, List<int>)` (function entry 0x53403c), instruction `// 0x53407c: b               #0x534090`",output/blutter/asm/ZXf.dart:37,"file output/blutter/asm/ZXf.dart, class bt, function at 0x53403c"
E0331,CH-11,0,L5,dart_call,libapp.so,0x53408c,"bt::[closure] String Eif(dynamic, List<int>)",bl #0x182650,libapp.so,0x182650,0x182650,(unresolved) no symbol in the committed dump covers this code address,candidate,"output/blutter/asm/ZXf.dart:44 inside `[closure] String Eif(dynamic, List<int>)` (function entry 0x53403c), instruction `//     0x53408c: bl              #0x182650`",output/blutter/asm/ZXf.dart:44,"file output/blutter/asm/ZXf.dart, class bt, function at 0x53403c"
E0332,CH-11,0,L5,dart_call,libapp.so,0x5340ac,"bt::[closure] String Eif(dynamic, List<int>)",bl #0x182650,libapp.so,0x182650,0x182650,(unresolved) no symbol in the committed dump covers this code address,candidate,"output/blutter/asm/ZXf.dart:57 inside `[closure] String Eif(dynamic, List<int>)` (function entry 0x53403c), instruction `//     0x5340ac: bl              #0x182650`",output/blutter/asm/ZXf.dart:57,"file output/blutter/asm/ZXf.dart, class bt, function at 0x53403c"
E0333,CH-11,0,L5,dart_call,libapp.so,0x5340bc,"bt::[closure] String Eif(dynamic, List<int>)",bl #0x554734  ; StackOverflowSharedWithoutFPURegsStub,libapp.so,0x554734,StackOverflowSharedWithoutFPURegsStub,blutter's inline stub comment in the same listing,proven,"output/blutter/asm/ZXf.dart:64 inside `[closure] String Eif(dynamic, List<int>)` (function entry 0x53403c), instruction `//     0x5340bc: bl              #0x554734  ; StackOverflowSharedWithoutFPURegsStub`",output/blutter/asm/ZXf.dart:64,"file output/blutter/asm/ZXf.dart, class bt, function at 0x53403c"
E0334,CH-11,0,L5,dart_tail_call,libapp.so,0x5340c0,"bt::[closure] String Eif(dynamic, List<int>)",b #0x534060,libapp.so,0x534060,ZXf_bt::Eif_53403c,inside the function blutter names at 0x53403c (add_func range),strong,"output/blutter/asm/ZXf.dart:65 inside `[closure] String Eif(dynamic, List<int>)` (function entry 0x53403c), instruction `// 0x5340c0: b               #0x534060`",output/blutter/asm/ZXf.dart:65,"file output/blutter/asm/ZXf.dart, class bt, function at 0x53403c"
E0269,CH-11,0,L5,dart_call,libapp.so,0x5357a8,_bqa::[closure] Future<void> <anonymous closure>(dynamic) async,bl #0x519270  ; InitAsyncStub,libapp.so,0x519270,InitAsyncStub,blutter's inline stub comment in the same listing,proven,"output/blutter/asm/Xkg.dart:43 inside `[closure] Future<void> <anonymous closure>(dynamic) async` (function entry 0x535770), instruction `//     0x5357a8: bl              #0x519270  ; InitAsyncStub`",output/blutter/asm/Xkg.dart:43,"file output/blutter/asm/Xkg.dart, class _bqa, function at 0x535770"
E0270,CH-11,0,L5,dart_call,libapp.so,0x5357b4,_bqa::[closure] Future<void> <anonymous closure>(dynamic) async,bl #0x55462c  ; AllocateArrayStub,libapp.so,0x55462c,AllocateArrayStub,blutter's inline stub comment in the same listing,proven,"output/blutter/asm/Xkg.dart:49 inside `[closure] Future<void> <anonymous closure>(dynamic) async` (function entry 0x535770), instruction `//     0x5357b4: bl              #0x55462c  ; AllocateArrayStub`",output/blutter/asm/Xkg.dart:49,"file output/blutter/asm/Xkg.dart, class _bqa, function at 0x535770"
E0271,CH-11,0,L5,dart_call,libapp.so,0x5357e8,_bqa::[closure] Future<void> <anonymous closure>(dynamic) async,bl #0x189e5c  ; [dart:core] Map::Map._fromLiteral,libapp.so,0x189e5c,[dart:core] Map::Map._fromLiteral,blutter's inline stub comment in the same listing,proven,"output/blutter/asm/Xkg.dart:71 inside `[closure] Future<void> <anonymous closure>(dynamic) async` (function entry 0x535770), instruction `//     0x5357e8: bl              #0x189e5c  ; [dart:core] Map::Map._fromLiteral`",output/blutter/asm/Xkg.dart:71,"file output/blutter/asm/Xkg.dart, class _bqa, function at 0x535770"
E0272,CH-11,0,L5,dart_call,libapp.so,0x5357f0,_bqa::[closure] Future<void> <anonymous closure>(dynamic) async,bl #0x52c38c  ; [] ::__unknown_function__,libapp.so,0x52c38c,[] ::__unknown_function__,blutter's inline stub comment in the same listing,proven,"output/blutter/asm/Xkg.dart:74 inside `[closure] Future<void> <anonymous closure>(dynamic) async` (function entry 0x535770), instruction `//     0x5357f0: bl              #0x52c38c  ; [] ::__unknown_function__`",output/blutter/asm/Xkg.dart:74,"file output/blutter/asm/Xkg.dart, class _bqa, function at 0x535770"
E0273,CH-11,0,L5,dart_call,libapp.so,0x5357fc,_bqa::[closure] Future<void> <anonymous closure>(dynamic) async,bl #0x518e60  ; AwaitStub,libapp.so,0x518e60,AwaitStub,blutter's inline stub comment in the same listing,proven,"output/blutter/asm/Xkg.dart:78 inside `[closure] Future<void> <anonymous closure>(dynamic) async` (function entry 0x535770), instruction `//     0x5357fc: bl              #0x518e60  ; AwaitStub`",output/blutter/asm/Xkg.dart:78,"file output/blutter/asm/Xkg.dart, class _bqa, function at 0x535770"
E0274,CH-11,0,L5,dart_instantiates_closure,libapp.so,0x53581c,_bqa::[closure] Future<void> <anonymous closure>(dynamic) async,"ldr xN, [PP, #0x17e38]",libapp.so,0x32f260,[Xkg] _bqa::<anonymous closure> closure @ 0x32f260 (pool slot pp+0x17e38),pool slot named in the same disassembly line,proven,"output/blutter/asm/Xkg.dart:91 `//     0x53581c: add             x1, PP, #0x17, lsl #12  ; [pp+0x17e38] AnonymousClosure: (0x32f260), in [Xkg] _bqa::<anonymous closure> (0x32e498)`",output/blutter/asm/Xkg.dart:91,closure allocated here runs at 0x32f260
E0275,CH-11,0,L5,dart_call,libapp.so,0x535824,_bqa::[closure] Future<void> <anonymous closure>(dynamic) async,bl #0x553954  ; AllocateClosureStub,libapp.so,0x553954,AllocateClosureStub,blutter's inline stub comment in the same listing,proven,"output/blutter/asm/Xkg.dart:94 inside `[closure] Future<void> <anonymous closure>(dynamic) async` (function entry 0x535770), instruction `//     0x535824: bl              #0x553954  ; AllocateClosureStub`",output/blutter/asm/Xkg.dart:94,"file output/blutter/asm/Xkg.dart, class _bqa, function at 0x535770"
E0276,CH-11,0,L5,dart_call,libapp.so,0x535830,_bqa::[closure] Future<void> <anonymous closure>(dynamic) async,bl #0x1a5b64,libapp.so,0x1a5b64,0x1a5b64,(unresolved) no symbol in the committed dump covers this code address,candidate,"output/blutter/asm/Xkg.dart:98 inside `[closure] Future<void> <anonymous closure>(dynamic) async` (function entry 0x535770), instruction `//     0x535830: bl              #0x1a5b64`",output/blutter/asm/Xkg.dart:98,"file output/blutter/asm/Xkg.dart, class _bqa, function at 0x535770"
E0277,CH-11,0,L5,dart_call,libapp.so,0x53585c,_bqa::[closure] Future<void> <anonymous closure>(dynamic) async,bl #0x2df408,libapp.so,0x2df408,0x2df408,(unresolved) no symbol in the committed dump covers this code address,candidate,"output/blutter/asm/Xkg.dart:116 inside `[closure] Future<void> <anonymous closure>(dynamic) async` (function entry 0x535770), instruction `//     0x53585c: bl              #0x2df408`",output/blutter/asm/Xkg.dart:116,"file output/blutter/asm/Xkg.dart, class _bqa, function at 0x535770"
E0278,CH-11,0,L5,dart_tail_call,libapp.so,0x535864,_bqa::[closure] Future<void> <anonymous closure>(dynamic) async,b #0x519244  ; ReturnAsyncNotFutureStub,libapp.so,0x519244,ReturnAsyncNotFutureStub,blutter's inline stub comment in the same listing,proven,"output/blutter/asm/Xkg.dart:120 inside `[closure] Future<void> <anonymous closure>(dynamic) async` (function entry 0x535770), instruction `//     0x535864: b               #0x519244  ; ReturnAsyncNotFutureStub`",output/blutter/asm/Xkg.dart:120,"file output/blutter/asm/Xkg.dart, class _bqa, function at 0x535770"
E0279,CH-11,0,L5,dart_call,libapp.so,0x535868,_bqa::[closure] Future<void> <anonymous closure>(dynamic) async,bl #0x554734  ; StackOverflowSharedWithoutFPURegsStub,libapp.so,0x554734,StackOverflowSharedWithoutFPURegsStub,blutter's inline stub comment in the same listing,proven,"output/blutter/asm/Xkg.dart:122 inside `[closure] Future<void> <anonymous closure>(dynamic) async` (function entry 0x535770), instruction `//     0x535868: bl              #0x554734  ; StackOverflowSharedWithoutFPURegsStub`",output/blutter/asm/Xkg.dart:122,"file output/blutter/asm/Xkg.dart, class _bqa, function at 0x535770"
E0280,CH-11,0,L5,dart_tail_call,libapp.so,0x53586c,_bqa::[closure] Future<void> <anonymous closure>(dynamic) async,b #0x5357a4,libapp.so,0x5357a4,Xkg__bqa::_anon_closure_535770,inside the function blutter names at 0x535770 (add_func range),strong,"output/blutter/asm/Xkg.dart:123 inside `[closure] Future<void> <anonymous closure>(dynamic) async` (function entry 0x535770), instruction `// 0x53586c: b               #0x5357a4`",output/blutter/asm/Xkg.dart:123,"file output/blutter/asm/Xkg.dart, class _bqa, function at 0x535770"
E0281,CH-11,0,L5,dart_call,libapp.so,0x535878,_bqa::[closure] Future<void> <anonymous closure>(dynamic) async,bl #0x554f64  ; LateInitializationErrorSharedWithoutFPURegsStub,libapp.so,0x554f64,LateInitializationErrorSharedWithoutFPURegsStub,blutter's inline stub comment in the same listing,proven,"output/blutter/asm/Xkg.dart:128 inside `[closure] Future<void> <anonymous closure>(dynamic) async` (function entry 0x535770), instruction `//     0x535878: bl              #0x554f64  ; LateInitializationErrorSharedWithoutFPURegsStub`",output/blutter/asm/Xkg.dart:128,"file output/blutter/asm/Xkg.dart, class _bqa, function at 0x535770"
E0282,CH-11,0,L5,dart_call,libapp.so,0x5358c0,"_bqa::[closure] Future<void> <anonymous closure>(dynamic, bool) async",bl #0x519270  ; InitAsyncStub,libapp.so,0x519270,InitAsyncStub,blutter's inline stub comment in the same listing,proven,"output/blutter/asm/Xkg.dart:154 inside `[closure] Future<void> <anonymous closure>(dynamic, bool) async` (function entry 0x53587c), instruction `//     0x5358c0: bl              #0x519270  ; InitAsyncStub`",output/blutter/asm/Xkg.dart:154,"file output/blutter/asm/Xkg.dart, class _bqa, function at 0x53587c"
E0283,CH-11,0,L5,dart_call,libapp.so,0x535900,"_bqa::[closure] Future<void> <anonymous closure>(dynamic, bool) async",bl #0x2df408,libapp.so,0x2df408,0x2df408,(unresolved) no symbol in the committed dump covers this code address,candidate,"output/blutter/asm/Xkg.dart:177 inside `[closure] Future<void> <anonymous closure>(dynamic, bool) async` (function entry 0x53587c), instruction `//     0x535900: bl              #0x2df408`",output/blutter/asm/Xkg.dart:177,"file output/blutter/asm/Xkg.dart, class _bqa, function at 0x53587c"
E0284,CH-11,0,L5,dart_tail_call,libapp.so,0x535908,"_bqa::[closure] Future<void> <anonymous closure>(dynamic, bool) async",b #0x519244  ; ReturnAsyncNotFutureStub,libapp.so,0x519244,ReturnAsyncNotFutureStub,blutter's inline stub comment in the same listing,proven,"output/blutter/asm/Xkg.dart:181 inside `[closure] Future<void> <anonymous closure>(dynamic, bool) async` (function entry 0x53587c), instruction `//     0x535908: b               #0x519244  ; ReturnAsyncNotFutureStub`",output/blutter/asm/Xkg.dart:181,"file output/blutter/asm/Xkg.dart, class _bqa, function at 0x53587c"
E0285,CH-11,0,L5,dart_call,libapp.so,0x53590c,"_bqa::[closure] Future<void> <anonymous closure>(dynamic, bool) async",bl #0x554734  ; StackOverflowSharedWithoutFPURegsStub,libapp.so,0x554734,StackOverflowSharedWithoutFPURegsStub,blutter's inline stub comment in the same listing,proven,"output/blutter/asm/Xkg.dart:183 inside `[closure] Future<void> <anonymous closure>(dynamic, bool) async` (function entry 0x53587c), instruction `//     0x53590c: bl              #0x554734  ; StackOverflowSharedWithoutFPURegsStub`",output/blutter/asm/Xkg.dart:183,"file output/blutter/asm/Xkg.dart, class _bqa, function at 0x53587c"
E0286,CH-11,0,L5,dart_tail_call,libapp.so,0x535910,"_bqa::[closure] Future<void> <anonymous closure>(dynamic, bool) async",b #0x5358bc,libapp.so,0x5358bc,Xkg__bqa::_anon_closure_53587c,inside the function blutter names at 0x53587c (add_func range),strong,"output/blutter/asm/Xkg.dart:184 inside `[closure] Future<void> <anonymous closure>(dynamic, bool) async` (function entry 0x53587c), instruction `// 0x535910: b               #0x5358bc`",output/blutter/asm/Xkg.dart:184,"file output/blutter/asm/Xkg.dart, class _bqa, function at 0x53587c"
E0287,CH-11,0,L5,dart_call,libapp.so,0x53591c,"_bqa::[closure] Future<void> <anonymous closure>(dynamic, bool) async",bl #0x554f64  ; LateInitializationErrorSharedWithoutFPURegsStub,libapp.so,0x554f64,LateInitializationErrorSharedWithoutFPURegsStub,blutter's inline stub comment in the same listing,proven,"output/blutter/asm/Xkg.dart:189 inside `[closure] Future<void> <anonymous closure>(dynamic, bool) async` (function entry 0x53587c), instruction `//     0x53591c: bl              #0x554f64  ; LateInitializationErrorSharedWithoutFPURegsStub`",output/blutter/asm/Xkg.dart:189,"file output/blutter/asm/Xkg.dart, class _bqa, function at 0x53587c"
E0318,CH-11,0,L5,dart_call,libapp.so,0x535964,_eqa::[closure] Future<void> <anonymous closure>(dynamic) async,bl #0x519270  ; InitAsyncStub,libapp.so,0x519270,InitAsyncStub,blutter's inline stub comment in the same listing,proven,"output/blutter/asm/Ykg.dart:31 inside `[closure] Future<void> <anonymous closure>(dynamic) async` (function entry 0x53592c), instruction `//     0x535964: bl              #0x519270  ; InitAsyncStub`",output/blutter/asm/Ykg.dart:31,"file output/blutter/asm/Ykg.dart, class _eqa, function at 0x53592c"
E0319,CH-11,0,L5,dart_call,libapp.so,0x535988,_eqa::[closure] Future<void> <anonymous closure>(dynamic) async,bl #0x55462c  ; AllocateArrayStub,libapp.so,0x55462c,AllocateArrayStub,blutter's inline stub comment in the same listing,proven,"output/blutter/asm/Ykg.dart:46 inside `[closure] Future<void> <anonymous closure>(dynamic) async` (function entry 0x53592c), instruction `//     0x535988: bl              #0x55462c  ; AllocateArrayStub`",output/blutter/asm/Ykg.dart:46,"file output/blutter/asm/Ykg.dart, class _eqa, function at 0x53592c"
E0320,CH-11,0,L5,dart_call,libapp.so,0x5359f4,_eqa::[closure] Future<void> <anonymous closure>(dynamic) async,bl #0x552800  ; ArrayWriteBarrierStub,libapp.so,0x552800,ArrayWriteBarrierStub,blutter's inline stub comment in the same listing,proven,"output/blutter/asm/Ykg.dart:81 inside `[closure] Future<void> <anonymous closure>(dynamic) async` (function entry 0x53592c), instruction `//     0x5359f4: bl              #0x552800  ; ArrayWriteBarrierStub`",output/blutter/asm/Ykg.dart:81,"file output/blutter/asm/Ykg.dart, class _eqa, function at 0x53592c"
E0321,CH-11,0,L5,dart_call,libapp.so,0x535a08,_eqa::[closure] Future<void> <anonymous closure>(dynamic) async,bl #0x189e5c  ; [dart:core] Map::Map._fromLiteral,libapp.so,0x189e5c,[dart:core] Map::Map._fromLiteral,blutter's inline stub comment in the same listing,proven,"output/blutter/asm/Ykg.dart:88 inside `[closure] Future<void> <anonymous closure>(dynamic) async` (function entry 0x53592c), instruction `//     0x535a08: bl              #0x189e5c  ; [dart:core] Map::Map._fromLiteral`",output/blutter/asm/Ykg.dart:88,"file output/blutter/asm/Ykg.dart, class _eqa, function at 0x53592c"
E0322,CH-11,0,L5,dart_call,libapp.so,0x535a10,_eqa::[closure] Future<void> <anonymous closure>(dynamic) async,bl #0x52c38c  ; [] ::__unknown_function__,libapp.so,0x52c38c,[] ::__unknown_function__,blutter's inline stub comment in the same listing,proven,"output/blutter/asm/Ykg.dart:91 inside `[closure] Future<void> <anonymous closure>(dynamic) async` (function entry 0x53592c), instruction `//     0x535a10: bl              #0x52c38c  ; [] ::__unknown_function__`",output/blutter/asm/Ykg.dart:91,"file output/blutter/asm/Ykg.dart, class _eqa, function at 0x53592c"
E0323,CH-11,0,L5,dart_call,libapp.so,0x535a1c,_eqa::[closure] Future<void> <anonymous closure>(dynamic) async,bl #0x518e60  ; AwaitStub,libapp.so,0x518e60,AwaitStub,blutter's inline stub comment in the same listing,proven,"output/blutter/asm/Ykg.dart:95 inside `[closure] Future<void> <anonymous closure>(dynamic) async` (function entry 0x53592c), instruction `//     0x535a1c: bl              #0x518e60  ; AwaitStub`",output/blutter/asm/Ykg.dart:95,"file output/blutter/asm/Ykg.dart, class _eqa, function at 0x53592c"
E0324,CH-11,0,L5,dart_call,libapp.so,0x535a44,_eqa::[closure] Future<void> <anonymous closure>(dynamic) async,bl #0x2ce588,libapp.so,0x2ce588,0x2ce588,(unresolved) no symbol in the committed dump covers this code address,candidate,"output/blutter/asm/Ykg.dart:112 inside `[closure] Future<void> <anonymous closure>(dynamic) async` (function entry 0x53592c), instruction `//     0x535a44: bl              #0x2ce588`",output/blutter/asm/Ykg.dart:112,"file output/blutter/asm/Ykg.dart, class _eqa, function at 0x53592c"
E0325,CH-11,0,L5,dart_call,libapp.so,0x535a54,_eqa::[closure] Future<void> <anonymous closure>(dynamic) async,bl #0x2f04e8,libapp.so,0x2f04e8,0x2f04e8,(unresolved) no symbol in the committed dump covers this code address,candidate,"output/blutter/asm/Ykg.dart:119 inside `[closure] Future<void> <anonymous closure>(dynamic) async` (function entry 0x53592c), instruction `//     0x535a54: bl              #0x2f04e8`",output/blutter/asm/Ykg.dart:119,"file output/blutter/asm/Ykg.dart, class _eqa, function at 0x53592c"
E0326,CH-11,0,L5,dart_tail_call,libapp.so,0x535a5c,_eqa::[closure] Future<void> <anonymous closure>(dynamic) async,b #0x519244  ; ReturnAsyncNotFutureStub,libapp.so,0x519244,ReturnAsyncNotFutureStub,blutter's inline stub comment in the same listing,proven,"output/blutter/asm/Ykg.dart:123 inside `[closure] Future<void> <anonymous closure>(dynamic) async` (function entry 0x53592c), instruction `//     0x535a5c: b               #0x519244  ; ReturnAsyncNotFutureStub`",output/blutter/asm/Ykg.dart:123,"file output/blutter/asm/Ykg.dart, class _eqa, function at 0x53592c"
E0327,CH-11,0,L5,dart_call,libapp.so,0x535a60,_eqa::[closure] Future<void> <anonymous closure>(dynamic) async,bl #0x554734  ; StackOverflowSharedWithoutFPURegsStub,libapp.so,0x554734,StackOverflowSharedWithoutFPURegsStub,blutter's inline stub comment in the same listing,proven,"output/blutter/asm/Ykg.dart:125 inside `[closure] Future<void> <anonymous closure>(dynamic) async` (function entry 0x53592c), instruction `//     0x535a60: bl              #0x554734  ; StackOverflowSharedWithoutFPURegsStub`",output/blutter/asm/Ykg.dart:125,"file output/blutter/asm/Ykg.dart, class _eqa, function at 0x53592c"
E0328,CH-11,0,L5,dart_tail_call,libapp.so,0x535a64,_eqa::[closure] Future<void> <anonymous closure>(dynamic) async,b #0x535960,libapp.so,0x535960,Ykg__eqa::_anon_closure_53592c,inside the function blutter names at 0x53592c (add_func range),strong,"output/blutter/asm/Ykg.dart:126 inside `[closure] Future<void> <anonymous closure>(dynamic) async` (function entry 0x53592c), instruction `// 0x535a64: b               #0x535960`",output/blutter/asm/Ykg.dart:126,"file output/blutter/asm/Ykg.dart, class _eqa, function at 0x53592c"
E0147,CH-11,0,L5,dart_call,libapp.so,0x5364b4,"SK<X0>::[closure] Null <anonymous closure>(dynamic, X0)",bl #0x552d4c  ; WriteBarrierWrappersStub,libapp.so,0x552d4c,WriteBarrierWrappersStub,blutter's inline stub comment in the same listing,proven,"output/blutter/asm/Gcg.dart:51 inside `[closure] Null <anonymous closure>(dynamic, X0)` (function entry 0x53646c), instruction `//     0x5364b4: bl              #0x552d4c  ; WriteBarrierWrappersStub`",output/blutter/asm/Gcg.dart:51,"file output/blutter/asm/Gcg.dart, class SK<X0>, function at 0x53646c"
E0148,CH-11,0,L5,dart_tail_call,libapp.so,0x5364e8,"SK<X0>::[closure] Null <anonymous closure>(dynamic, X0)",b #0x536514,libapp.so,0x536514,Gcg_SK::_anon_closure_53646c,inside the function blutter names at 0x53646c (add_func range),strong,"output/blutter/asm/Gcg.dart:69 inside `[closure] Null <anonymous closure>(dynamic, X0)` (function entry 0x53646c), instruction `// 0x5364e8: b               #0x536514`",output/blutter/asm/Gcg.dart:69,"file output/blutter/asm/Gcg.dart, class SK<X0>, function at 0x53646c"
E0149,CH-11,0,L5,dart_call,libapp.so,0x536524,"SK<X0>::[closure] Null <anonymous closure>(dynamic, X0)",bl #0x554734  ; StackOverflowSharedWithoutFPURegsStub,libapp.so,0x554734,StackOverflowSharedWithoutFPURegsStub,blutter's inline stub comment in the same listing,proven,"output/blutter/asm/Gcg.dart:91 inside `[closure] Null <anonymous closure>(dynamic, X0)` (function entry 0x53646c), instruction `//     0x536524: bl              #0x554734  ; StackOverflowSharedWithoutFPURegsStub`",output/blutter/asm/Gcg.dart:91,"file output/blutter/asm/Gcg.dart, class SK<X0>, function at 0x53646c"
E0150,CH-11,0,L5,dart_tail_call,libapp.so,0x536528,"SK<X0>::[closure] Null <anonymous closure>(dynamic, X0)",b #0x536494,libapp.so,0x536494,Gcg_SK::_anon_closure_53646c,inside the function blutter names at 0x53646c (add_func range),strong,"output/blutter/asm/Gcg.dart:92 inside `[closure] Null <anonymous closure>(dynamic, X0)` (function entry 0x53646c), instruction `// 0x536528: b               #0x536494`",output/blutter/asm/Gcg.dart:92,"file output/blutter/asm/Gcg.dart, class SK<X0>, function at 0x53646c"
E0151,CH-11,5,L5,dart_call,libapp.so,0x53657c,"SK<X0>::[closure] Future<void> rza(dynamic, Object, ua?) async",bl #0x519270  ; InitAsyncStub,libapp.so,0x519270,InitAsyncStub,blutter's inline stub comment in the same listing,proven,"output/blutter/asm/Gcg.dart:121 inside `[closure] Future<void> rza(dynamic, Object, ua?) async` (function entry 0x53652c), instruction `//     0x53657c: bl              #0x519270  ; InitAsyncStub`",output/blutter/asm/Gcg.dart:121,"file output/blutter/asm/Gcg.dart, class SK<X0>, function at 0x53652c"
E0152,CH-11,4,L5,dart_tail_call,libapp.so,0x536594,"SK<X0>::[closure] Future<void> rza(dynamic, Object, ua?) async",b #0x519244  ; ReturnAsyncNotFutureStub,libapp.so,0x519244,ReturnAsyncNotFutureStub,blutter's inline stub comment in the same listing,proven,"output/blutter/asm/Gcg.dart:131 inside `[closure] Future<void> rza(dynamic, Object, ua?) async` (function entry 0x53652c), instruction `//     0x536594: b               #0x519244  ; ReturnAsyncNotFutureStub`",output/blutter/asm/Gcg.dart:131,"file output/blutter/asm/Gcg.dart, class SK<X0>, function at 0x53652c"
E0153,CH-11,0,L5,dart_tail_call,libapp.so,0x5365d4,"SK<X0>::[closure] Future<void> rza(dynamic, Object, ua?) async",b #0x519244  ; ReturnAsyncNotFutureStub,libapp.so,0x519244,ReturnAsyncNotFutureStub,blutter's inline stub comment in the same listing,proven,"output/blutter/asm/Gcg.dart:156 inside `[closure] Future<void> rza(dynamic, Object, ua?) async` (function entry 0x53652c), instruction `//     0x5365d4: b               #0x519244  ; ReturnAsyncNotFutureStub`",output/blutter/asm/Gcg.dart:156,"file output/blutter/asm/Gcg.dart, class SK<X0>, function at 0x53652c"
E0154,CH-11,0,L5,dart_call,libapp.so,0x5365d8,"SK<X0>::[closure] Future<void> rza(dynamic, Object, ua?) async",bl #0x554734  ; StackOverflowSharedWithoutFPURegsStub,libapp.so,0x554734,StackOverflowSharedWithoutFPURegsStub,blutter's inline stub comment in the same listing,proven,"output/blutter/asm/Gcg.dart:158 inside `[closure] Future<void> rza(dynamic, Object, ua?) async` (function entry 0x53652c), instruction `//     0x5365d8: bl              #0x554734  ; StackOverflowSharedWithoutFPURegsStub`",output/blutter/asm/Gcg.dart:158,"file output/blutter/asm/Gcg.dart, class SK<X0>, function at 0x53652c"
E0155,CH-11,0,L5,dart_tail_call,libapp.so,0x5365dc,"SK<X0>::[closure] Future<void> rza(dynamic, Object, ua?) async",b #0x536578,libapp.so,0x536578,Gcg_SK::rza_53652c,inside the function blutter names at 0x53652c (add_func range),strong,"output/blutter/asm/Gcg.dart:159 inside `[closure] Future<void> rza(dynamic, Object, ua?) async` (function entry 0x53652c), instruction `// 0x5365dc: b               #0x536578`",output/blutter/asm/Gcg.dart:159,"file output/blutter/asm/Gcg.dart, class SK<X0>, function at 0x53652c"
E0156,CH-11,0,L5,dart_call,libapp.so,0x53663c,"SK<X0>::[closure] Future<void> <anonymous closure>(dynamic, X0?, Object, ua?) async",bl #0x519270  ; InitAsyncStub,libapp.so,0x519270,InitAsyncStub,blutter's inline stub comment in the same listing,proven,"output/blutter/asm/Gcg.dart:188 inside `[closure] Future<void> <anonymous closure>(dynamic, X0?, Object, ua?) async` (function entry 0x5365ec), instruction `//     0x53663c: bl              #0x519270  ; InitAsyncStub`",output/blutter/asm/Gcg.dart:188,"file output/blutter/asm/Gcg.dart, class SK<X0>, function at 0x5365ec"
E0157,CH-11,3,L5,dart_call,libapp.so,0x536644,"SK<X0>::[closure] Future<void> <anonymous closure>(dynamic, X0?, Object, ua?) async",bl #0x518e60  ; AwaitStub,libapp.so,0x518e60,AwaitStub,blutter's inline stub comment in the same listing,proven,"output/blutter/asm/Gcg.dart:192 inside `[closure] Future<void> <anonymous closure>(dynamic, X0?, Object, ua?) async` (function entry 0x5365ec), instruction `//     0x536644: bl              #0x518e60  ; AwaitStub`",output/blutter/asm/Gcg.dart:192,"file output/blutter/asm/Gcg.dart, class SK<X0>, function at 0x5365ec"
E0158,CH-11,0,L5,dart_call,libapp.so,0x536668,"SK<X0>::[closure] Future<void> <anonymous closure>(dynamic, X0?, Object, ua?) async",bl #0x536af4  ; Allocate_eMStub -> _eM (size=0x34),libapp.so,0x536af4,Allocate_eMStub -> _eM (size=0x34),blutter's inline stub comment in the same listing,proven,"output/blutter/asm/Gcg.dart:206 inside `[closure] Future<void> <anonymous closure>(dynamic, X0?, Object, ua?) async` (function entry 0x5365ec), instruction `//     0x536668: bl              #0x536af4  ; Allocate_eMStub -> _eM (size=0x34)`",output/blutter/asm/Gcg.dart:206,"file output/blutter/asm/Gcg.dart, class SK<X0>, function at 0x5365ec"
E0159,CH-11,0,L5,dart_call,libapp.so,0x536674,"SK<X0>::[closure] Future<void> <anonymous closure>(dynamic, X0?, Object, ua?) async",bl #0x33b300,libapp.so,0x33b300,0x33b300,(unresolved) no symbol in the committed dump covers this code address,candidate,"output/blutter/asm/Gcg.dart:210 inside `[closure] Future<void> <anonymous closure>(dynamic, X0?, Object, ua?) async` (function entry 0x5365ec), instruction `//     0x536674: bl              #0x33b300`",output/blutter/asm/Gcg.dart:210,"file output/blutter/asm/Gcg.dart, class SK<X0>, function at 0x5365ec"
E0160,CH-11,0,L5,dart_call,libapp.so,0x536680,"SK<X0>::[closure] Future<void> <anonymous closure>(dynamic, X0?, Object, ua?) async",bl #0x33b0ec,libapp.so,0x33b0ec,0x33b0ec,(unresolved) no symbol in the committed dump covers this code address,candidate,"output/blutter/asm/Gcg.dart:214 inside `[closure] Future<void> <anonymous closure>(dynamic, X0?, Object, ua?) async` (function entry 0x5365ec), instruction `//     0x536680: bl              #0x33b0ec`",output/blutter/asm/Gcg.dart:214,"file output/blutter/asm/Gcg.dart, class SK<X0>, function at 0x5365ec"
E0161,CH-11,0,L5,dart_call,libapp.so,0x5366a0,"SK<X0>::[closure] Future<void> <anonymous closure>(dynamic, X0?, Object, ua?) async",bl #0x5136ac  ; AllocatedxStub -> dx (size=0x2c),libapp.so,0x5136ac,AllocatedxStub -> dx (size=0x2c),blutter's inline stub comment in the same listing,proven,"output/blutter/asm/Gcg.dart:226 inside `[closure] Future<void> <anonymous closure>(dynamic, X0?, Object, ua?) async` (function entry 0x5365ec), instruction `//     0x5366a0: bl              #0x5136ac  ; AllocatedxStub -> dx (size=0x2c)`",output/blutter/asm/Gcg.dart:226,"file output/blutter/asm/Gcg.dart, class SK<X0>, function at 0x5365ec"
E0162,CH-11,0,L5,dart_call,libapp.so,0x5366b4,"SK<X0>::[closure] Future<void> <anonymous closure>(dynamic, X0?, Object, ua?) async",bl #0x19ac78,libapp.so,0x19ac78,0x19ac78,(unresolved) no symbol in the committed dump covers this code address,candidate,"output/blutter/asm/Gcg.dart:234 inside `[closure] Future<void> <anonymous closure>(dynamic, X0?, Object, ua?) async` (function entry 0x5365ec), instruction `//     0x5366b4: bl              #0x19ac78`",output/blutter/asm/Gcg.dart:234,"file output/blutter/asm/Gcg.dart, class SK<X0>, function at 0x5365ec"
E0163,CH-11,0,L5,dart_call,libapp.so,0x5366d4,"SK<X0>::[closure] Future<void> <anonymous closure>(dynamic, X0?, Object, ua?) async",bl #0x5366ec  ; [] ::__unknown_function__,libapp.so,0x5366ec,[] ::__unknown_function__,blutter's inline stub comment in the same listing,proven,"output/blutter/asm/Gcg.dart:245 inside `[closure] Future<void> <anonymous closure>(dynamic, X0?, Object, ua?) async` (function entry 0x5365ec), instruction `//     0x5366d4: bl              #0x5366ec  ; [] ::__unknown_function__`",output/blutter/asm/Gcg.dart:245,"file output/blutter/asm/Gcg.dart, class SK<X0>, function at 0x5365ec"
E0164,CH-11,0,L5,dart_tail_call,libapp.so,0x5366dc,"SK<X0>::[closure] Future<void> <anonymous closure>(dynamic, X0?, Object, ua?) async",b #0x519244  ; ReturnAsyncNotFutureStub,libapp.so,0x519244,ReturnAsyncNotFutureStub,blutter's inline stub comment in the same listing,proven,"output/blutter/asm/Gcg.dart:249 inside `[closure] Future<void> <anonymous closure>(dynamic, X0?, Object, ua?) async` (function entry 0x5365ec), instruction `//     0x5366dc: b               #0x519244  ; ReturnAsyncNotFutureStub`",output/blutter/asm/Gcg.dart:249,"file output/blutter/asm/Gcg.dart, class SK<X0>, function at 0x5365ec"
E0165,CH-11,0,L5,dart_call,libapp.so,0x5366e0,"SK<X0>::[closure] Future<void> <anonymous closure>(dynamic, X0?, Object, ua?) async",bl #0x554734  ; StackOverflowSharedWithoutFPURegsStub,libapp.so,0x554734,StackOverflowSharedWithoutFPURegsStub,blutter's inline stub comment in the same listing,proven,"output/blutter/asm/Gcg.dart:251 inside `[closure] Future<void> <anonymous closure>(dynamic, X0?, Object, ua?) async` (function entry 0x5365ec), instruction `//     0x5366e0: bl              #0x554734  ; StackOverflowSharedWithoutFPURegsStub`",output/blutter/asm/Gcg.dart:251,"file output/blutter/asm/Gcg.dart, class SK<X0>, function at 0x5365ec"
E0166,CH-11,0,L5,dart_tail_call,libapp.so,0x5366e4,"SK<X0>::[closure] Future<void> <anonymous closure>(dynamic, X0?, Object, ua?) async",b #0x536638,libapp.so,0x536638,Gcg_SK::_anon_closure_5365ec,inside the function blutter names at 0x5365ec (add_func range),strong,"output/blutter/asm/Gcg.dart:252 inside `[closure] Future<void> <anonymous closure>(dynamic, X0?, Object, ua?) async` (function entry 0x5365ec), instruction `// 0x5366e4: b               #0x536638`",output/blutter/asm/Gcg.dart:252,"file output/blutter/asm/Gcg.dart, class SK<X0>, function at 0x5365ec"
E0167,CH-11,8,L5,dart_call,libapp.so,0x5366e8,"SK<X0>::[closure] Future<void> <anonymous closure>(dynamic, X0?, Object, ua?) async",bl #0x554cdc  ; NullCastErrorSharedWithoutFPURegsStub,libapp.so,0x554cdc,NullCastErrorSharedWithoutFPURegsStub,blutter's inline stub comment in the same listing,proven,"output/blutter/asm/Gcg.dart:254 inside `[closure] Future<void> <anonymous closure>(dynamic, X0?, Object, ua?) async` (function entry 0x5365ec), instruction `//     0x5366e8: bl              #0x554cdc  ; NullCastErrorSharedWithoutFPURegsStub`",output/blutter/asm/Gcg.dart:254,"file output/blutter/asm/Gcg.dart, class SK<X0>, function at 0x5365ec"
E0617,CH-11,0,L5,dart_call,libapp.so,0x537274,"OC<X0>::jq? [](OC<X0>, X0)",bl #0x4f74a8,libapp.so,0x4f74a8,0x4f74a8,(unresolved) no symbol in the committed dump covers this code address,candidate,"output/blutter/asm/ucg.dart:54 inside `jq? [](OC<X0>, X0)` (function entry 0x537218), instruction `//     0x537274: bl              #0x4f74a8`",output/blutter/asm/ucg.dart:54,"file output/blutter/asm/ucg.dart, class OC<X0>, function at 0x537218"
E0618,CH-11,0,L5,dart_call,libapp.so,0x537284,"OC<X0>::jq? [](OC<X0>, X0)",bl #0x554734  ; StackOverflowSharedWithoutFPURegsStub,libapp.so,0x554734,StackOverflowSharedWithoutFPURegsStub,blutter's inline stub comment in the same listing,proven,"output/blutter/asm/ucg.dart:61 inside `jq? [](OC<X0>, X0)` (function entry 0x537218), instruction `//     0x537284: bl              #0x554734  ; StackOverflowSharedWithoutFPURegsStub`",output/blutter/asm/ucg.dart:61,"file output/blutter/asm/ucg.dart, class OC<X0>, function at 0x537218"
E0619,CH-11,0,L5,dart_tail_call,libapp.so,0x537288,"OC<X0>::jq? [](OC<X0>, X0)",b #0x53722c,libapp.so,0x53722c,ucg_OC::op_at_537218,inside the function blutter names at 0x537218 (add_func range),strong,"output/blutter/asm/ucg.dart:62 inside `jq? [](OC<X0>, X0)` (function entry 0x537218), instruction `// 0x537288: b               #0x53722c`",output/blutter/asm/ucg.dart:62,"file output/blutter/asm/ucg.dart, class OC<X0>, function at 0x537218"
E0250,CH-11,0,L5,dart_call,libapp.so,0x537a74,"Hy::Hy +(Hy, Hy)",bl #0x5523c0  ; DefaultTypeTestStub,libapp.so,0x5523c0,DefaultTypeTestStub,blutter's inline stub comment in the same listing,proven,"output/blutter/asm/Ulg.dart:193 inside `Hy +(Hy, Hy)` (function entry 0x537a2c), instruction `//     0x537a74: bl              #0x5523c0  ; DefaultTypeTestStub`",output/blutter/asm/Ulg.dart:193,"file output/blutter/asm/Ulg.dart, class Hy, function at 0x537a2c"
E0251,CH-11,0,L5,dart_call,libapp.so,0x537a80,"Hy::Hy +(Hy, Hy)",bl #0x35655c,libapp.so,0x35655c,0x35655c,(unresolved) no symbol in the committed dump covers this code address,candidate,"output/blutter/asm/Ulg.dart:197 inside `Hy +(Hy, Hy)` (function entry 0x537a2c), instruction `//     0x537a80: bl              #0x35655c`",output/blutter/asm/Ulg.dart:197,"file output/blutter/asm/Ulg.dart, class Hy, function at 0x537a2c"
E0252,CH-11,0,L5,dart_call,libapp.so,0x537a90,"Hy::Hy +(Hy, Hy)",bl #0x554734  ; StackOverflowSharedWithoutFPURegsStub,libapp.so,0x554734,StackOverflowSharedWithoutFPURegsStub,blutter's inline stub comment in the same listing,proven,"output/blutter/asm/Ulg.dart:204 inside `Hy +(Hy, Hy)` (function entry 0x537a2c), instruction `//     0x537a90: bl              #0x554734  ; StackOverflowSharedWithoutFPURegsStub`",output/blutter/asm/Ulg.dart:204,"file output/blutter/asm/Ulg.dart, class Hy, function at 0x537a2c"
E0253,CH-11,0,L5,dart_tail_call,libapp.so,0x537a94,"Hy::Hy +(Hy, Hy)",b #0x537a40,libapp.so,0x537a40,Ulg_Hy::op_add_537a2c,inside the function blutter names at 0x537a2c (add_func range),strong,"output/blutter/asm/Ulg.dart:205 inside `Hy +(Hy, Hy)` (function entry 0x537a2c), instruction `// 0x537a94: b               #0x537a40`",output/blutter/asm/Ulg.dart:205,"file output/blutter/asm/Ulg.dart, class Hy, function at 0x537a2c"
E0254,CH-11,0,L5,dart_call,libapp.so,0x537ad0,"Hy::dynamic *(Hy, dynamic)",bl #0x356cb4,libapp.so,0x356cb4,0x356cb4,(unresolved) no symbol in the committed dump covers this code address,candidate,"output/blutter/asm/Ulg.dart:221 inside `dynamic *(Hy, dynamic)` (function entry 0x537ab0), instruction `//     0x537ad0: bl              #0x356cb4`",output/blutter/asm/Ulg.dart:221,"file output/blutter/asm/Ulg.dart, class Hy, function at 0x537ab0"
E0255,CH-11,0,L5,dart_call,libapp.so,0x537ae0,"Hy::dynamic *(Hy, dynamic)",bl #0x554734  ; StackOverflowSharedWithoutFPURegsStub,libapp.so,0x554734,StackOverflowSharedWithoutFPURegsStub,blutter's inline stub comment in the same listing,proven,"output/blutter/asm/Ulg.dart:228 inside `dynamic *(Hy, dynamic)` (function entry 0x537ab0), instruction `//     0x537ae0: bl              #0x554734  ; StackOverflowSharedWithoutFPURegsStub`",output/blutter/asm/Ulg.dart:228,"file output/blutter/asm/Ulg.dart, class Hy, function at 0x537ab0"
E0256,CH-11,0,L5,dart_tail_call,libapp.so,0x537ae4,"Hy::dynamic *(Hy, dynamic)",b #0x537ac4,libapp.so,0x537ac4,Ulg_Hy::op_mul_537ab0,inside the function blutter names at 0x537ab0 (add_func range),strong,"output/blutter/asm/Ulg.dart:229 inside `dynamic *(Hy, dynamic)` (function entry 0x537ab0), instruction `// 0x537ae4: b               #0x537ac4`",output/blutter/asm/Ulg.dart:229,"file output/blutter/asm/Ulg.dart, class Hy, function at 0x537ab0"
E0257,CH-11,0,L5,dart_call,libapp.so,0x537b48,"Hy::Hy -(Hy, Hy)",bl #0x5523c0  ; DefaultTypeTestStub,libapp.so,0x5523c0,DefaultTypeTestStub,blutter's inline stub comment in the same listing,proven,"output/blutter/asm/Ulg.dart:261 inside `Hy -(Hy, Hy)` (function entry 0x537b00), instruction `//     0x537b48: bl              #0x5523c0  ; DefaultTypeTestStub`",output/blutter/asm/Ulg.dart:261,"file output/blutter/asm/Ulg.dart, class Hy, function at 0x537b00"
E0258,CH-11,0,L5,dart_call,libapp.so,0x537b54,"Hy::Hy -(Hy, Hy)",bl #0x356d00,libapp.so,0x356d00,0x356d00,(unresolved) no symbol in the committed dump covers this code address,candidate,"output/blutter/asm/Ulg.dart:265 inside `Hy -(Hy, Hy)` (function entry 0x537b00), instruction `//     0x537b54: bl              #0x356d00`",output/blutter/asm/Ulg.dart:265,"file output/blutter/asm/Ulg.dart, class Hy, function at 0x537b00"
E0259,CH-11,0,L5,dart_call,libapp.so,0x537b64,"Hy::Hy -(Hy, Hy)",bl #0x554734  ; StackOverflowSharedWithoutFPURegsStub,libapp.so,0x554734,StackOverflowSharedWithoutFPURegsStub,blutter's inline stub comment in the same listing,proven,"output/blutter/asm/Ulg.dart:272 inside `Hy -(Hy, Hy)` (function entry 0x537b00), instruction `//     0x537b64: bl              #0x554734  ; StackOverflowSharedWithoutFPURegsStub`",output/blutter/asm/Ulg.dart:272,"file output/blutter/asm/Ulg.dart, class Hy, function at 0x537b00"
E0260,CH-11,0,L5,dart_tail_call,libapp.so,0x537b68,"Hy::Hy -(Hy, Hy)",b #0x537b14,libapp.so,0x537b14,Ulg_Hy::op_sub_537b00,inside the function blutter names at 0x537b00 (add_func range),strong,"output/blutter/asm/Ulg.dart:273 inside `Hy -(Hy, Hy)` (function entry 0x537b00), instruction `// 0x537b68: b               #0x537b14`",output/blutter/asm/Ulg.dart:273,"file output/blutter/asm/Ulg.dart, class Hy, function at 0x537b00"
E0261,CH-11,0,L5,dart_call,libapp.so,0x537bbc,"Hy::double [](Hy, int)",bl #0x55b758  ; IsType_int_Stub,libapp.so,0x55b758,IsType_int_Stub,blutter's inline stub comment in the same listing,proven,"output/blutter/asm/Ulg.dart:299 inside `double [](Hy, int)` (function entry 0x537b84), instruction `//     0x537bbc: bl              #0x55b758  ; IsType_int_Stub`",output/blutter/asm/Ulg.dart:299,"file output/blutter/asm/Ulg.dart, class Hy, function at 0x537b84"
E0262,CH-11,0,L5,dart_call,libapp.so,0x537bc4,"Hy::double [](Hy, int)",bl #0x5527dc  ; ThrowStub,libapp.so,0x5527dc,ThrowStub,blutter's inline stub comment in the same listing,proven,"output/blutter/asm/Ulg.dart:303 inside `double [](Hy, int)` (function entry 0x537b84), instruction `//     0x537bc4: bl              #0x5527dc  ; ThrowStub`",output/blutter/asm/Ulg.dart:303,"file output/blutter/asm/Ulg.dart, class Hy, function at 0x537b84"
E0572,CH-11,0,L5,dart_call,libapp.so,0x537c38,"_Rla::_Rla -(_Rla, _Rla)",bl #0x5523c0  ; DefaultTypeTestStub,libapp.so,0x5523c0,DefaultTypeTestStub,blutter's inline stub comment in the same listing,proven,"output/blutter/asm/oig.dart:56 inside `_Rla -(_Rla, _Rla)` (function entry 0x537bf0), instruction `//     0x537c38: bl              #0x5523c0  ; DefaultTypeTestStub`",output/blutter/asm/oig.dart:56,"file output/blutter/asm/oig.dart, class _Rla, function at 0x537bf0"
E0573,CH-11,0,L5,dart_call,libapp.so,0x537c44,"_Rla::_Rla -(_Rla, _Rla)",bl #0x357204,libapp.so,0x357204,0x357204,(unresolved) no symbol in the committed dump covers this code address,candidate,"output/blutter/asm/oig.dart:60 inside `_Rla -(_Rla, _Rla)` (function entry 0x537bf0), instruction `//     0x537c44: bl              #0x357204`",output/blutter/asm/oig.dart:60,"file output/blutter/asm/oig.dart, class _Rla, function at 0x537bf0"
E0574,CH-11,0,L5,dart_call,libapp.so,0x537c54,"_Rla::_Rla -(_Rla, _Rla)",bl #0x554734  ; StackOverflowSharedWithoutFPURegsStub,libapp.so,0x554734,StackOverflowSharedWithoutFPURegsStub,blutter's inline stub comment in the same listing,proven,"output/blutter/asm/oig.dart:67 inside `_Rla -(_Rla, _Rla)` (function entry 0x537bf0), instruction `//     0x537c54: bl              #0x554734  ; StackOverflowSharedWithoutFPURegsStub`",output/blutter/asm/oig.dart:67,"file output/blutter/asm/oig.dart, class _Rla, function at 0x537bf0"
E0575,CH-11,0,L5,dart_tail_call,libapp.so,0x537c58,"_Rla::_Rla -(_Rla, _Rla)",b #0x537c04,libapp.so,0x537c04,oig__Rla::op_sub_537bf0,inside the function blutter names at 0x537bf0 (add_func range),strong,"output/blutter/asm/oig.dart:68 inside `_Rla -(_Rla, _Rla)` (function entry 0x537bf0), instruction `// 0x537c58: b               #0x537c04`",output/blutter/asm/oig.dart:68,"file output/blutter/asm/oig.dart, class _Rla, function at 0x537bf0"
E0576,CH-11,0,L5,dart_call,libapp.so,0x537cbc,"_Rla::_Rla +(_Rla, _Rla)",bl #0x5523c0  ; DefaultTypeTestStub,libapp.so,0x5523c0,DefaultTypeTestStub,blutter's inline stub comment in the same listing,proven,"output/blutter/asm/oig.dart:100 inside `_Rla +(_Rla, _Rla)` (function entry 0x537c74), instruction `//     0x537cbc: bl              #0x5523c0  ; DefaultTypeTestStub`",output/blutter/asm/oig.dart:100,"file output/blutter/asm/oig.dart, class _Rla, function at 0x537c74"
E0577,CH-11,0,L5,dart_call,libapp.so,0x537cc8,"_Rla::_Rla +(_Rla, _Rla)",bl #0x357250,libapp.so,0x357250,0x357250,(unresolved) no symbol in the committed dump covers this code address,candidate,"output/blutter/asm/oig.dart:104 inside `_Rla +(_Rla, _Rla)` (function entry 0x537c74), instruction `//     0x537cc8: bl              #0x357250`",output/blutter/asm/oig.dart:104,"file output/blutter/asm/oig.dart, class _Rla, function at 0x537c74"
E0578,CH-11,0,L5,dart_call,libapp.so,0x537cd8,"_Rla::_Rla +(_Rla, _Rla)",bl #0x554734  ; StackOverflowSharedWithoutFPURegsStub,libapp.so,0x554734,StackOverflowSharedWithoutFPURegsStub,blutter's inline stub comment in the same listing,proven,"output/blutter/asm/oig.dart:111 inside `_Rla +(_Rla, _Rla)` (function entry 0x537c74), instruction `//     0x537cd8: bl              #0x554734  ; StackOverflowSharedWithoutFPURegsStub`",output/blutter/asm/oig.dart:111,"file output/blutter/asm/oig.dart, class _Rla, function at 0x537c74"
E0579,CH-11,0,L5,dart_tail_call,libapp.so,0x537cdc,"_Rla::_Rla +(_Rla, _Rla)",b #0x537c88,libapp.so,0x537c88,oig__Rla::op_add_537c74,inside the function blutter names at 0x537c74 (add_func range),strong,"output/blutter/asm/oig.dart:112 inside `_Rla +(_Rla, _Rla)` (function entry 0x537c74), instruction `// 0x537cdc: b               #0x537c88`",output/blutter/asm/oig.dart:112,"file output/blutter/asm/oig.dart, class _Rla, function at 0x537c74"
E0580,CH-11,0,L5,dart_call,libapp.so,0x537d18,"_Rla::_Rla *(_Rla, double)",bl #0x3571c0,libapp.so,0x3571c0,0x3571c0,(unresolved) no symbol in the committed dump covers this code address,candidate,"output/blutter/asm/oig.dart:128 inside `_Rla *(_Rla, double)` (function entry 0x537cf8), instruction `//     0x537d18: bl              #0x3571c0`",output/blutter/asm/oig.dart:128,"file output/blutter/asm/oig.dart, class _Rla, function at 0x537cf8"
E0581,CH-11,0,L5,dart_call,libapp.so,0x537d28,"_Rla::_Rla *(_Rla, double)",bl #0x554734  ; StackOverflowSharedWithoutFPURegsStub,libapp.so,0x554734,StackOverflowSharedWithoutFPURegsStub,blutter's inline stub comment in the same listing,proven,"output/blutter/asm/oig.dart:135 inside `_Rla *(_Rla, double)` (function entry 0x537cf8), instruction `//     0x537d28: bl              #0x554734  ; StackOverflowSharedWithoutFPURegsStub`",output/blutter/asm/oig.dart:135,"file output/blutter/asm/oig.dart, class _Rla, function at 0x537cf8"
E0582,CH-11,0,L5,dart_tail_call,libapp.so,0x537d2c,"_Rla::_Rla *(_Rla, double)",b #0x537d0c,libapp.so,0x537d0c,oig__Rla::op_mul_537cf8,inside the function blutter names at 0x537cf8 (add_func range),strong,"output/blutter/asm/oig.dart:136 inside `_Rla *(_Rla, double)` (function entry 0x537cf8), instruction `// 0x537d2c: b               #0x537d0c`",output/blutter/asm/oig.dart:136,"file output/blutter/asm/oig.dart, class _Rla, function at 0x537cf8"
E0620,CH-11,0,L5,dart_call,libapp.so,0x537e80,"ora::ora +(ora, ora)",bl #0x537e90  ; IsType_ora_Stub,libapp.so,0x537e90,IsType_ora_Stub,blutter's inline stub comment in the same listing,proven,"output/blutter/asm/wlg.dart:50 inside `ora +(ora, ora)` (function entry 0x537e44), instruction `//     0x537e80: bl              #0x537e90  ; IsType_ora_Stub`",output/blutter/asm/wlg.dart:50,"file output/blutter/asm/wlg.dart, class ora, function at 0x537e44"
E0621,CH-11,0,L5,dart_call,libapp.so,0x537e88,"ora::ora +(ora, ora)",bl #0x5527dc  ; ThrowStub,libapp.so,0x5527dc,ThrowStub,blutter's inline stub comment in the same listing,proven,"output/blutter/asm/wlg.dart:54 inside `ora +(ora, ora)` (function entry 0x537e44), instruction `//     0x537e88: bl              #0x5527dc  ; ThrowStub`",output/blutter/asm/wlg.dart:54,"file output/blutter/asm/wlg.dart, class ora, function at 0x537e44"
E0583,CH-11,0,L5,dart_call,libapp.so,0x5397fc,"Qqa::[closure] Future<iM> <anonymous closure>(dynamic, Tq) async",bl #0x519270  ; InitAsyncStub,libapp.so,0x519270,InitAsyncStub,blutter's inline stub comment in the same listing,proven,"output/blutter/asm/olg.dart:64 inside `[closure] Future<iM> <anonymous closure>(dynamic, Tq) async` (function entry 0x5397b0), instruction `//     0x5397fc: bl              #0x519270  ; InitAsyncStub`",output/blutter/asm/olg.dart:64,"file output/blutter/asm/olg.dart, class Qqa, function at 0x5397b0"
E0584,CH-11,0,L5,dart_call,libapp.so,0x539804,"Qqa::[closure] Future<iM> <anonymous closure>(dynamic, Tq) async",bl #0x36c0b0,libapp.so,0x36c0b0,0x36c0b0,(unresolved) no symbol in the committed dump covers this code address,candidate,"output/blutter/asm/olg.dart:67 inside `[closure] Future<iM> <anonymous closure>(dynamic, Tq) async` (function entry 0x5397b0), instruction `//     0x539804: bl              #0x36c0b0`",output/blutter/asm/olg.dart:67,"file output/blutter/asm/olg.dart, class Qqa, function at 0x5397b0"
E0585,CH-11,0,L5,dart_call,libapp.so,0x539810,"Qqa::[closure] Future<iM> <anonymous closure>(dynamic, Tq) async",bl #0x518e60  ; AwaitStub,libapp.so,0x518e60,AwaitStub,blutter's inline stub comment in the same listing,proven,"output/blutter/asm/olg.dart:71 inside `[closure] Future<iM> <anonymous closure>(dynamic, Tq) async` (function entry 0x5397b0), instruction `//     0x539810: bl              #0x518e60  ; AwaitStub`",output/blutter/asm/olg.dart:71,"file output/blutter/asm/olg.dart, class Qqa, function at 0x5397b0"
E0586,CH-11,0,L5,dart_call,libapp.so,0x539820,"Qqa::[closure] Future<iM> <anonymous closure>(dynamic, Tq) async",bl #0x539cf8  ; [] ::__unknown_function__,libapp.so,0x539cf8,[] ::__unknown_function__,blutter's inline stub comment in the same listing,proven,"output/blutter/asm/olg.dart:77 inside `[closure] Future<iM> <anonymous closure>(dynamic, Tq) async` (function entry 0x5397b0), instruction `//     0x539820: bl              #0x539cf8  ; [] ::__unknown_function__`",output/blutter/asm/olg.dart:77,"file output/blutter/asm/olg.dart, class Qqa, function at 0x5397b0"
E0587,CH-11,0,L5,dart_call,libapp.so,0x53982c,"Qqa::[closure] Future<iM> <anonymous closure>(dynamic, Tq) async",bl #0x518e60  ; AwaitStub,libapp.so,0x518e60,AwaitStub,blutter's inline stub comment in the same listing,proven,"output/blutter/asm/olg.dart:81 inside `[closure] Future<iM> <anonymous closure>(dynamic, Tq) async` (function entry 0x5397b0), instruction `//     0x53982c: bl              #0x518e60  ; AwaitStub`",output/blutter/asm/olg.dart:81,"file output/blutter/asm/olg.dart, class Qqa, function at 0x5397b0"
E0588,CH-11,0,L5,dart_call,libapp.so,0x539838,"Qqa::[closure] Future<iM> <anonymous closure>(dynamic, Tq) async",bl #0x5399e4  ; [] ::__unknown_function__,libapp.so,0x5399e4,[] ::__unknown_function__,blutter's inline stub comment in the same listing,proven,"output/blutter/asm/olg.dart:85 inside `[closure] Future<iM> <anonymous closure>(dynamic, Tq) async` (function entry 0x5397b0), instruction `//     0x539838: bl              #0x5399e4  ; [] ::__unknown_function__`",output/blutter/asm/olg.dart:85,"file output/blutter/asm/olg.dart, class Qqa, function at 0x5397b0"
E0589,CH-11,0,L5,dart_call,libapp.so,0x539844,"Qqa::[closure] Future<iM> <anonymous closure>(dynamic, Tq) async",bl #0x518e60  ; AwaitStub,libapp.so,0x518e60,AwaitStub,blutter's inline stub comment in the same listing,proven,"output/blutter/asm/olg.dart:89 inside `[closure] Future<iM> <anonymous closure>(dynamic, Tq) async` (function entry 0x5397b0), instruction `//     0x539844: bl              #0x518e60  ; AwaitStub`",output/blutter/asm/olg.dart:89,"file output/blutter/asm/olg.dart, class Qqa, function at 0x5397b0"
E0590,CH-11,12,L5,dart_call,libapp.so,0x539880,"Qqa::[closure] Future<iM> <anonymous closure>(dynamic, Tq) async",bl #0x177354  ; [dart:core] StateError::_throwNew,libapp.so,0x177354,[dart:core] StateError::_throwNew,blutter's inline stub comment in the same listing,proven,"output/blutter/asm/olg.dart:111 inside `[closure] Future<iM> <anonymous closure>(dynamic, Tq) async` (function entry 0x5397b0), instruction `//     0x539880: bl              #0x177354  ; [dart:core] StateError::_throwNew`",output/blutter/asm/olg.dart:111,"file output/blutter/asm/olg.dart, class Qqa, function at 0x5397b0"
E0591,CH-11,0,L5,dart_call,libapp.so,0x53988c,"Qqa::[closure] Future<iM> <anonymous closure>(dynamic, Tq) async",bl #0x515150  ; AllocatePointerStub -> Pointer<X0 bound NativeType> (size=-0x8),libapp.so,0x515150,AllocatePointerStub -> Pointer<X0 bound NativeType> (size=-0x8),blutter's inline stub comment in the same listing,proven,"output/blutter/asm/olg.dart:116 inside `[closure] Future<iM> <anonymous closure>(dynamic, Tq) async` (function entry 0x5397b0), instruction `//     0x53988c: bl              #0x515150  ; AllocatePointerStub -> Pointer<X0 bound NativeType> (size=-0x8)`",output/blutter/asm/olg.dart:116,"file output/blutter/asm/olg.dart, class Qqa, function at 0x5397b0"
E0592,CH-11,0,L5,dart_call,libapp.so,0x53989c,"Qqa::[closure] Future<iM> <anonymous closure>(dynamic, Tq) async",bl #0x36bb30,libapp.so,0x36bb30,0x36bb30,(unresolved) no symbol in the committed dump covers this code address,candidate,"output/blutter/asm/olg.dart:122 inside `[closure] Future<iM> <anonymous closure>(dynamic, Tq) async` (function entry 0x5397b0), instruction `//     0x53989c: bl              #0x36bb30`",output/blutter/asm/olg.dart:122,"file output/blutter/asm/olg.dart, class Qqa, function at 0x5397b0"
E0593,CH-11,0,L5,dart_call,libapp.so,0x5398cc,"Qqa::[closure] Future<iM> <anonymous closure>(dynamic, Tq) async",bl #0x177354  ; [dart:core] StateError::_throwNew,libapp.so,0x177354,[dart:core] StateError::_throwNew,blutter's inline stub comment in the same listing,proven,"output/blutter/asm/olg.dart:139 inside `[closure] Future<iM> <anonymous closure>(dynamic, Tq) async` (function entry 0x5397b0), instruction `//     0x5398cc: bl              #0x177354  ; [dart:core] StateError::_throwNew`",output/blutter/asm/olg.dart:139,"file output/blutter/asm/olg.dart, class Qqa, function at 0x5397b0"
E0594,CH-11,0,L5,dart_call,libapp.so,0x5398d8,"Qqa::[closure] Future<iM> <anonymous closure>(dynamic, Tq) async",bl #0x515150  ; AllocatePointerStub -> Pointer<X0 bound NativeType> (size=-0x8),libapp.so,0x515150,AllocatePointerStub -> Pointer<X0 bound NativeType> (size=-0x8),blutter's inline stub comment in the same listing,proven,"output/blutter/asm/olg.dart:144 inside `[closure] Future<iM> <anonymous closure>(dynamic, Tq) async` (function entry 0x5397b0), instruction `//     0x5398d8: bl              #0x515150  ; AllocatePointerStub -> Pointer<X0 bound NativeType> (size=-0x8)`",output/blutter/asm/olg.dart:144,"file output/blutter/asm/olg.dart, class Qqa, function at 0x5397b0"
E0595,CH-11,0,L5,dart_call,libapp.so,0x5398e8,"Qqa::[closure] Future<iM> <anonymous closure>(dynamic, Tq) async",bl #0x36ba6c,libapp.so,0x36ba6c,0x36ba6c,(unresolved) no symbol in the committed dump covers this code address,candidate,"output/blutter/asm/olg.dart:150 inside `[closure] Future<iM> <anonymous closure>(dynamic, Tq) async` (function entry 0x5397b0), instruction `//     0x5398e8: bl              #0x36ba6c`",output/blutter/asm/olg.dart:150,"file output/blutter/asm/olg.dart, class Qqa, function at 0x5397b0"
E0596,CH-11,0,L5,dart_call,libapp.so,0x5398ec,"Qqa::[closure] Future<iM> <anonymous closure>(dynamic, Tq) async",bl #0x5395b4  ; AllocateiMStub -> iM (size=0x18),libapp.so,0x5395b4,AllocateiMStub -> iM (size=0x18),blutter's inline stub comment in the same listing,proven,"output/blutter/asm/olg.dart:152 inside `[closure] Future<iM> <anonymous closure>(dynamic, Tq) async` (function entry 0x5397b0), instruction `//     0x5398ec: bl              #0x5395b4  ; AllocateiMStub -> iM (size=0x18)`",output/blutter/asm/olg.dart:152,"file output/blutter/asm/olg.dart, class Qqa, function at 0x5397b0"
E0597,CH-11,0,L5,dart_call,libapp.so,0x539934,"Qqa::[closure] Future<iM> <anonymous closure>(dynamic, Tq) async",bl #0x177354  ; [dart:core] StateError::_throwNew,libapp.so,0x177354,[dart:core] StateError::_throwNew,blutter's inline stub comment in the same listing,proven,"output/blutter/asm/olg.dart:178 inside `[closure] Future<iM> <anonymous closure>(dynamic, Tq) async` (function entry 0x5397b0), instruction `//     0x539934: bl              #0x177354  ; [dart:core] StateError::_throwNew`",output/blutter/asm/olg.dart:178,"file output/blutter/asm/olg.dart, class Qqa, function at 0x5397b0"
E0598,CH-11,0,L5,dart_call,libapp.so,0x539944,"Qqa::[closure] Future<iM> <anonymous closure>(dynamic, Tq) async",bl #0x515150  ; AllocatePointerStub -> Pointer<X0 bound NativeType> (size=-0x8),libapp.so,0x515150,AllocatePointerStub -> Pointer<X0 bound NativeType> (size=-0x8),blutter's inline stub comment in the same listing,proven,"output/blutter/asm/olg.dart:184 inside `[closure] Future<iM> <anonymous closure>(dynamic, Tq) async` (function entry 0x5397b0), instruction `//     0x539944: bl              #0x515150  ; AllocatePointerStub -> Pointer<X0 bound NativeType> (size=-0x8)`",output/blutter/asm/olg.dart:184,"file output/blutter/asm/olg.dart, class Qqa, function at 0x5397b0"
E0599,CH-11,0,L5,dart_call,libapp.so,0x539954,"Qqa::[closure] Future<iM> <anonymous closure>(dynamic, Tq) async",bl #0x36b9a8,libapp.so,0x36b9a8,0x36b9a8,(unresolved) no symbol in the committed dump covers this code address,candidate,"output/blutter/asm/olg.dart:190 inside `[closure] Future<iM> <anonymous closure>(dynamic, Tq) async` (function entry 0x5397b0), instruction `//     0x539954: bl              #0x36b9a8`",output/blutter/asm/olg.dart:190,"file output/blutter/asm/olg.dart, class Qqa, function at 0x5397b0"
E0600,CH-11,0,L5,dart_tail_call,libapp.so,0x53995c,"Qqa::[closure] Future<iM> <anonymous closure>(dynamic, Tq) async",b #0x519244  ; ReturnAsyncNotFutureStub,libapp.so,0x519244,ReturnAsyncNotFutureStub,blutter's inline stub comment in the same listing,proven,"output/blutter/asm/olg.dart:193 inside `[closure] Future<iM> <anonymous closure>(dynamic, Tq) async` (function entry 0x5397b0), instruction `//     0x53995c: b               #0x519244  ; ReturnAsyncNotFutureStub`",output/blutter/asm/olg.dart:193,"file output/blutter/asm/olg.dart, class Qqa, function at 0x5397b0"
E0601,CH-11,0,L5,dart_call,libapp.so,0x539998,"Qqa::[closure] Future<iM> <anonymous closure>(dynamic, Tq) async",bl #0x177354  ; [dart:core] StateError::_throwNew,libapp.so,0x177354,[dart:core] StateError::_throwNew,blutter's inline stub comment in the same listing,proven,"output/blutter/asm/olg.dart:213 inside `[closure] Future<iM> <anonymous closure>(dynamic, Tq) async` (function entry 0x5397b0), instruction `//     0x539998: bl              #0x177354  ; [dart:core] StateError::_throwNew`",output/blutter/asm/olg.dart:213,"file output/blutter/asm/olg.dart, class Qqa, function at 0x5397b0"
E0602,CH-11,0,L5,dart_call,libapp.so,0x5399a8,"Qqa::[closure] Future<iM> <anonymous closure>(dynamic, Tq) async",bl #0x515150  ; AllocatePointerStub -> Pointer<X0 bound NativeType> (size=-0x8),libapp.so,0x515150,AllocatePointerStub -> Pointer<X0 bound NativeType> (size=-0x8),blutter's inline stub comment in the same listing,proven,"output/blutter/asm/olg.dart:219 inside `[closure] Future<iM> <anonymous closure>(dynamic, Tq) async` (function entry 0x5397b0), instruction `//     0x5399a8: bl              #0x515150  ; AllocatePointerStub -> Pointer<X0 bound NativeType> (size=-0x8)`",output/blutter/asm/olg.dart:219,"file output/blutter/asm/olg.dart, class Qqa, function at 0x5397b0"
E0603,CH-11,0,L5,dart_call,libapp.so,0x5399b8,"Qqa::[closure] Future<iM> <anonymous closure>(dynamic, Tq) async",bl #0x36b9a8,libapp.so,0x36b9a8,0x36b9a8,(unresolved) no symbol in the committed dump covers this code address,candidate,"output/blutter/asm/olg.dart:225 inside `[closure] Future<iM> <anonymous closure>(dynamic, Tq) async` (function entry 0x5397b0), instruction `//     0x5399b8: bl              #0x36b9a8`",output/blutter/asm/olg.dart:225,"file output/blutter/asm/olg.dart, class Qqa, function at 0x5397b0"
E0604,CH-11,0,L5,dart_call,libapp.so,0x5399c4,"Qqa::[closure] Future<iM> <anonymous closure>(dynamic, Tq) async",bl #0x5527b0  ; ReThrowStub,libapp.so,0x5527b0,ReThrowStub,blutter's inline stub comment in the same listing,proven,"output/blutter/asm/olg.dart:229 inside `[closure] Future<iM> <anonymous closure>(dynamic, Tq) async` (function entry 0x5397b0), instruction `//     0x5399c4: bl              #0x5527b0  ; ReThrowStub`",output/blutter/asm/olg.dart:229,"file output/blutter/asm/olg.dart, class Qqa, function at 0x5397b0"
E0605,CH-11,0,L5,dart_call,libapp.so,0x5399cc,"Qqa::[closure] Future<iM> <anonymous closure>(dynamic, Tq) async",bl #0x554734  ; StackOverflowSharedWithoutFPURegsStub,libapp.so,0x554734,StackOverflowSharedWithoutFPURegsStub,blutter's inline stub comment in the same listing,proven,"output/blutter/asm/olg.dart:232 inside `[closure] Future<iM> <anonymous closure>(dynamic, Tq) async` (function entry 0x5397b0), instruction `//     0x5399cc: bl              #0x554734  ; StackOverflowSharedWithoutFPURegsStub`",output/blutter/asm/olg.dart:232,"file output/blutter/asm/olg.dart, class Qqa, function at 0x5397b0"
E0606,CH-11,0,L5,dart_tail_call,libapp.so,0x5399d0,"Qqa::[closure] Future<iM> <anonymous closure>(dynamic, Tq) async",b #0x5397f4,libapp.so,0x5397f4,olg_Qqa::_anon_closure_5397b0,inside the function blutter names at 0x5397b0 (add_func range),strong,"output/blutter/asm/olg.dart:233 inside `[closure] Future<iM> <anonymous closure>(dynamic, Tq) async` (function entry 0x5397b0), instruction `// 0x5399d0: b               #0x5397f4`",output/blutter/asm/olg.dart:233,"file output/blutter/asm/olg.dart, class Qqa, function at 0x5397b0"
E0607,CH-11,0,L5,dart_call,libapp.so,0x5399d4,"Qqa::[closure] Future<iM> <anonymous closure>(dynamic, Tq) async",bl #0x554e8c  ; NullErrorSharedWithoutFPURegsStub,libapp.so,0x554e8c,NullErrorSharedWithoutFPURegsStub,blutter's inline stub comment in the same listing,proven,"output/blutter/asm/olg.dart:235 inside `[closure] Future<iM> <anonymous closure>(dynamic, Tq) async` (function entry 0x5397b0), instruction `//     0x5399d4: bl              #0x554e8c  ; NullErrorSharedWithoutFPURegsStub`",output/blutter/asm/olg.dart:235,"file output/blutter/asm/olg.dart, class Qqa, function at 0x5397b0"
E0608,CH-11,0,L5,dart_call,libapp.so,0x5399d8,"Qqa::[closure] Future<iM> <anonymous closure>(dynamic, Tq) async",bl #0x554e8c  ; NullErrorSharedWithoutFPURegsStub,libapp.so,0x554e8c,NullErrorSharedWithoutFPURegsStub,blutter's inline stub comment in the same listing,proven,"output/blutter/asm/olg.dart:237 inside `[closure] Future<iM> <anonymous closure>(dynamic, Tq) async` (function entry 0x5397b0), instruction `//     0x5399d8: bl              #0x554e8c  ; NullErrorSharedWithoutFPURegsStub`",output/blutter/asm/olg.dart:237,"file output/blutter/asm/olg.dart, class Qqa, function at 0x5397b0"
E0609,CH-11,0,L5,dart_call,libapp.so,0x5399dc,"Qqa::[closure] Future<iM> <anonymous closure>(dynamic, Tq) async",bl #0x554e8c  ; NullErrorSharedWithoutFPURegsStub,libapp.so,0x554e8c,NullErrorSharedWithoutFPURegsStub,blutter's inline stub comment in the same listing,proven,"output/blutter/asm/olg.dart:239 inside `[closure] Future<iM> <anonymous closure>(dynamic, Tq) async` (function entry 0x5397b0), instruction `//     0x5399dc: bl              #0x554e8c  ; NullErrorSharedWithoutFPURegsStub`",output/blutter/asm/olg.dart:239,"file output/blutter/asm/olg.dart, class Qqa, function at 0x5397b0"
E0610,CH-11,0,L5,dart_call,libapp.so,0x5399e0,"Qqa::[closure] Future<iM> <anonymous closure>(dynamic, Tq) async",bl #0x554e8c  ; NullErrorSharedWithoutFPURegsStub,libapp.so,0x554e8c,NullErrorSharedWithoutFPURegsStub,blutter's inline stub comment in the same listing,proven,"output/blutter/asm/olg.dart:241 inside `[closure] Future<iM> <anonymous closure>(dynamic, Tq) async` (function entry 0x5397b0), instruction `//     0x5399e0: bl              #0x554e8c  ; NullErrorSharedWithoutFPURegsStub`",output/blutter/asm/olg.dart:241,"file output/blutter/asm/olg.dart, class Qqa, function at 0x5397b0"
E0335,CH-11,0,L5,dart_call,libapp.so,0x53bd2c,tx::[closure] Null <anonymous closure>(dynamic),bl #0x37be40,libapp.so,0x37be40,0x37be40,(unresolved) no symbol in the committed dump covers this code address,candidate,"output/blutter/asm/aZf.dart:38 inside `[closure] Null <anonymous closure>(dynamic)` (function entry 0x53bce8), instruction `//     0x53bd2c: bl              #0x37be40`",output/blutter/asm/aZf.dart:38,"file output/blutter/asm/aZf.dart, class tx, function at 0x53bce8"
E0336,CH-11,0,L5,dart_tail_call,libapp.so,0x53bd30,tx::[closure] Null <anonymous closure>(dynamic),b #0x53bd84,libapp.so,0x53bd84,aZf_tx::_anon_closure_53bce8,inside the function blutter names at 0x53bce8 (add_func range),strong,"output/blutter/asm/aZf.dart:39 inside `[closure] Null <anonymous closure>(dynamic)` (function entry 0x53bce8), instruction `// 0x53bd30: b               #0x53bd84`",output/blutter/asm/aZf.dart:39,"file output/blutter/asm/aZf.dart, class tx, function at 0x53bce8"
E0337,CH-11,0,L5,dart_call,libapp.so,0x53bd4c,tx::[closure] Null <anonymous closure>(dynamic),bl #0x5136ac  ; AllocatedxStub -> dx (size=0x2c),libapp.so,0x5136ac,AllocatedxStub -> dx (size=0x2c),blutter's inline stub comment in the same listing,proven,"output/blutter/asm/aZf.dart:48 inside `[closure] Null <anonymous closure>(dynamic)` (function entry 0x53bce8), instruction `//     0x53bd4c: bl              #0x5136ac  ; AllocatedxStub -> dx (size=0x2c)`",output/blutter/asm/aZf.dart:48,"file output/blutter/asm/aZf.dart, class tx, function at 0x53bce8"
E0338,CH-11,0,L5,dart_call,libapp.so,0x53bd5c,tx::[closure] Null <anonymous closure>(dynamic),bl #0x19ac78,libapp.so,0x19ac78,0x19ac78,(unresolved) no symbol in the committed dump covers this code address,candidate,"output/blutter/asm/aZf.dart:55 inside `[closure] Null <anonymous closure>(dynamic)` (function entry 0x53bce8), instruction `//     0x53bd5c: bl              #0x19ac78`",output/blutter/asm/aZf.dart:55,"file output/blutter/asm/aZf.dart, class tx, function at 0x53bce8"
E0339,CH-11,0,L5,dart_call,libapp.so,0x53bd60,tx::[closure] Null <anonymous closure>(dynamic),bl #0x513784  ; AllocatehxStub -> hx (size=0x14),libapp.so,0x513784,AllocatehxStub -> hx (size=0x14),blutter's inline stub comment in the same listing,proven,"output/blutter/asm/aZf.dart:57 inside `[closure] Null <anonymous closure>(dynamic)` (function entry 0x53bce8), instruction `//     0x53bd60: bl              #0x513784  ; AllocatehxStub -> hx (size=0x14)`",output/blutter/asm/aZf.dart:57,"file output/blutter/asm/aZf.dart, class tx, function at 0x53bce8"
E0340,CH-11,0,L5,dart_call,libapp.so,0x53bd80,tx::[closure] Null <anonymous closure>(dynamic),bl #0x17d558,libapp.so,0x17d558,0x17d558,(unresolved) no symbol in the committed dump covers this code address,candidate,"output/blutter/asm/aZf.dart:70 inside `[closure] Null <anonymous closure>(dynamic)` (function entry 0x53bce8), instruction `//     0x53bd80: bl              #0x17d558`",output/blutter/asm/aZf.dart:70,"file output/blutter/asm/aZf.dart, class tx, function at 0x53bce8"
E0341,CH-11,0,L5,dart_call,libapp.so,0x53bd94,tx::[closure] Null <anonymous closure>(dynamic),bl #0x554734  ; StackOverflowSharedWithoutFPURegsStub,libapp.so,0x554734,StackOverflowSharedWithoutFPURegsStub,blutter's inline stub comment in the same listing,proven,"output/blutter/asm/aZf.dart:79 inside `[closure] Null <anonymous closure>(dynamic)` (function entry 0x53bce8), instruction `//     0x53bd94: bl              #0x554734  ; StackOverflowSharedWithoutFPURegsStub`",output/blutter/asm/aZf.dart:79,"file output/blutter/asm/aZf.dart, class tx, function at 0x53bce8"
E0342,CH-11,0,L5,dart_tail_call,libapp.so,0x53bd98,tx::[closure] Null <anonymous closure>(dynamic),b #0x53bd0c,libapp.so,0x53bd0c,aZf_tx::_anon_closure_53bce8,inside the function blutter names at 0x53bce8 (add_func range),strong,"output/blutter/asm/aZf.dart:80 inside `[closure] Null <anonymous closure>(dynamic)` (function entry 0x53bce8), instruction `// 0x53bd98: b               #0x53bd0c`",output/blutter/asm/aZf.dart:80,"file output/blutter/asm/aZf.dart, class tx, function at 0x53bce8"
E0168,CH-11,0,L5,dart_call,libapp.so,0x53bdd4,_cX::[closure] Future<void> <anonymous closure>(dynamic) async,bl #0x519270  ; InitAsyncStub,libapp.so,0x519270,InitAsyncStub,blutter's inline stub comment in the same listing,proven,"output/blutter/asm/Ieg.dart:90 inside `[closure] Future<void> <anonymous closure>(dynamic) async` (function entry 0x53bd9c), instruction `//     0x53bdd4: bl              #0x519270  ; InitAsyncStub`",output/blutter/asm/Ieg.dart:90,"file output/blutter/asm/Ieg.dart, class _cX, function at 0x53bd9c"
E0169,CH-11,0,L5,dart_call,libapp.so,0x53bde4,_cX::[closure] Future<void> <anonymous closure>(dynamic) async,bl #0x37c00c,libapp.so,0x37c00c,0x37c00c,(unresolved) no symbol in the committed dump covers this code address,candidate,"output/blutter/asm/Ieg.dart:97 inside `[closure] Future<void> <anonymous closure>(dynamic) async` (function entry 0x53bd9c), instruction `//     0x53bde4: bl              #0x37c00c`",output/blutter/asm/Ieg.dart:97,"file output/blutter/asm/Ieg.dart, class _cX, function at 0x53bd9c"
E0170,CH-11,0,L5,dart_call,libapp.so,0x53bdf0,_cX::[closure] Future<void> <anonymous closure>(dynamic) async,bl #0x518e60  ; AwaitStub,libapp.so,0x518e60,AwaitStub,blutter's inline stub comment in the same listing,proven,"output/blutter/asm/Ieg.dart:101 inside `[closure] Future<void> <anonymous closure>(dynamic) async` (function entry 0x53bd9c), instruction `//     0x53bdf0: bl              #0x518e60  ; AwaitStub`",output/blutter/asm/Ieg.dart:101,"file output/blutter/asm/Ieg.dart, class _cX, function at 0x53bd9c"
E0171,CH-11,0,L5,dart_tail_call,libapp.so,0x53bdf8,_cX::[closure] Future<void> <anonymous closure>(dynamic) async,b #0x519244  ; ReturnAsyncNotFutureStub,libapp.so,0x519244,ReturnAsyncNotFutureStub,blutter's inline stub comment in the same listing,proven,"output/blutter/asm/Ieg.dart:105 inside `[closure] Future<void> <anonymous closure>(dynamic) async` (function entry 0x53bd9c), instruction `//     0x53bdf8: b               #0x519244  ; ReturnAsyncNotFutureStub`",output/blutter/asm/Ieg.dart:105,"file output/blutter/asm/Ieg.dart, class _cX, function at 0x53bd9c"
E0172,CH-11,0,L5,dart_call,libapp.so,0x53bdfc,_cX::[closure] Future<void> <anonymous closure>(dynamic) async,bl #0x554734  ; StackOverflowSharedWithoutFPURegsStub,libapp.so,0x554734,StackOverflowSharedWithoutFPURegsStub,blutter's inline stub comment in the same listing,proven,"output/blutter/asm/Ieg.dart:107 inside `[closure] Future<void> <anonymous closure>(dynamic) async` (function entry 0x53bd9c), instruction `//     0x53bdfc: bl              #0x554734  ; StackOverflowSharedWithoutFPURegsStub`",output/blutter/asm/Ieg.dart:107,"file output/blutter/asm/Ieg.dart, class _cX, function at 0x53bd9c"
E0173,CH-11,0,L5,dart_tail_call,libapp.so,0x53be00,_cX::[closure] Future<void> <anonymous closure>(dynamic) async,b #0x53bdd0,libapp.so,0x53bdd0,Ieg__cX::_anon_closure_53bd9c,inside the function blutter names at 0x53bd9c (add_func range),strong,"output/blutter/asm/Ieg.dart:108 inside `[closure] Future<void> <anonymous closure>(dynamic) async` (function entry 0x53bd9c), instruction `// 0x53be00: b               #0x53bdd0`",output/blutter/asm/Ieg.dart:108,"file output/blutter/asm/Ieg.dart, class _cX, function at 0x53bd9c"
E0502,CH-11,0,L5,dart_call,libapp.so,0x53db64,"_ioa::[closure] Future<Null> <anonymous closure>(dynamic, bool) async",bl #0x519270  ; InitAsyncStub,libapp.so,0x519270,InitAsyncStub,blutter's inline stub comment in the same listing,proven,"output/blutter/asm/kkg.dart:36 inside `[closure] Future<Null> <anonymous closure>(dynamic, bool) async` (function entry 0x53db20), instruction `//     0x53db64: bl              #0x519270  ; InitAsyncStub`",output/blutter/asm/kkg.dart:36,"file output/blutter/asm/kkg.dart, class _ioa, function at 0x53db20"
E0503,CH-11,0,L5,dart_call,libapp.so,0x53db70,"_ioa::[closure] Future<Null> <anonymous closure>(dynamic, bool) async",bl #0x53dc2c  ; [] ::__unknown_function__,libapp.so,0x53dc2c,[] ::__unknown_function__,blutter's inline stub comment in the same listing,proven,"output/blutter/asm/kkg.dart:40 inside `[closure] Future<Null> <anonymous closure>(dynamic, bool) async` (function entry 0x53db20), instruction `//     0x53db70: bl              #0x53dc2c  ; [] ::__unknown_function__`",output/blutter/asm/kkg.dart:40,"file output/blutter/asm/kkg.dart, class _ioa, function at 0x53db20"
E0504,CH-11,0,L5,dart_instantiates_closure,libapp.so,0x53db78,"_ioa::[closure] Future<Null> <anonymous closure>(dynamic, bool) async","ldr xN, [PP, #0xd988]",libapp.so,0x388334,[kkg] _ioa::<anonymous closure> closure @ 0x388334 (pool slot pp+0xd988),pool slot named in the same disassembly line,proven,"output/blutter/asm/kkg.dart:43 `//     0x53db78: add             x1, PP, #0xd, lsl #12  ; [pp+0xd988] AnonymousClosure: (0x388334), in [kkg] _ioa::<anonymous closure> (0x37fe90)`",output/blutter/asm/kkg.dart:43,closure allocated here runs at 0x388334
E0505,CH-11,0,L5,dart_call,libapp.so,0x53db84,"_ioa::[closure] Future<Null> <anonymous closure>(dynamic, bool) async",bl #0x553954  ; AllocateClosureStub,libapp.so,0x553954,AllocateClosureStub,blutter's inline stub comment in the same listing,proven,"output/blutter/asm/kkg.dart:47 inside `[closure] Future<Null> <anonymous closure>(dynamic, bool) async` (function entry 0x53db20), instruction `//     0x53db84: bl              #0x553954  ; AllocateClosureStub`",output/blutter/asm/kkg.dart:47,"file output/blutter/asm/kkg.dart, class _ioa, function at 0x53db20"
E0506,CH-11,0,L5,dart_call,libapp.so,0x53db9c,"_ioa::[closure] Future<Null> <anonymous closure>(dynamic, bool) async",bl #0x498258,libapp.so,0x498258,0x498258,(unresolved) no symbol in the committed dump covers this code address,candidate,"output/blutter/asm/kkg.dart:56 inside `[closure] Future<Null> <anonymous closure>(dynamic, bool) async` (function entry 0x53db20), instruction `//     0x53db9c: bl              #0x498258`",output/blutter/asm/kkg.dart:56,"file output/blutter/asm/kkg.dart, class _ioa, function at 0x53db20"
E0507,CH-11,0,L5,dart_tail_call,libapp.so,0x53dba0,"_ioa::[closure] Future<Null> <anonymous closure>(dynamic, bool) async",b #0x53dba8,libapp.so,0x53dba8,kkg__ioa::_anon_closure_53db20,inside the function blutter names at 0x53db20 (add_func range),strong,"output/blutter/asm/kkg.dart:57 inside `[closure] Future<Null> <anonymous closure>(dynamic, bool) async` (function entry 0x53db20), instruction `// 0x53dba0: b               #0x53dba8`",output/blutter/asm/kkg.dart:57,"file output/blutter/asm/kkg.dart, class _ioa, function at 0x53db20"
E0508,CH-11,0,L5,dart_call,libapp.so,0x53dba4,"_ioa::[closure] Future<Null> <anonymous closure>(dynamic, bool) async",bl #0x3882d0,libapp.so,0x3882d0,0x3882d0,(unresolved) no symbol in the committed dump covers this code address,candidate,"output/blutter/asm/kkg.dart:59 inside `[closure] Future<Null> <anonymous closure>(dynamic, bool) async` (function entry 0x53db20), instruction `//     0x53dba4: bl              #0x3882d0`",output/blutter/asm/kkg.dart:59,"file output/blutter/asm/kkg.dart, class _ioa, function at 0x53db20"
E0509,CH-11,0,L5,dart_tail_call,libapp.so,0x53dbac,"_ioa::[closure] Future<Null> <anonymous closure>(dynamic, bool) async",b #0x519244  ; ReturnAsyncNotFutureStub,libapp.so,0x519244,ReturnAsyncNotFutureStub,blutter's inline stub comment in the same listing,proven,"output/blutter/asm/kkg.dart:63 inside `[closure] Future<Null> <anonymous closure>(dynamic, bool) async` (function entry 0x53db20), instruction `//     0x53dbac: b               #0x519244  ; ReturnAsyncNotFutureStub`",output/blutter/asm/kkg.dart:63,"file output/blutter/asm/kkg.dart, class _ioa, function at 0x53db20"
E0510,CH-11,0,L5,dart_call,libapp.so,0x53dbb0,"_ioa::[closure] Future<Null> <anonymous closure>(dynamic, bool) async",bl #0x554734  ; StackOverflowSharedWithoutFPURegsStub,libapp.so,0x554734,StackOverflowSharedWithoutFPURegsStub,blutter's inline stub comment in the same listing,proven,"output/blutter/asm/kkg.dart:65 inside `[closure] Future<Null> <anonymous closure>(dynamic, bool) async` (function entry 0x53db20), instruction `//     0x53dbb0: bl              #0x554734  ; StackOverflowSharedWithoutFPURegsStub`",output/blutter/asm/kkg.dart:65,"file output/blutter/asm/kkg.dart, class _ioa, function at 0x53db20"
E0511,CH-11,0,L5,dart_tail_call,libapp.so,0x53dbb4,"_ioa::[closure] Future<Null> <anonymous closure>(dynamic, bool) async",b #0x53db60,libapp.so,0x53db60,kkg__ioa::_anon_closure_53db20,inside the function blutter names at 0x53db20 (add_func range),strong,"output/blutter/asm/kkg.dart:66 inside `[closure] Future<Null> <anonymous closure>(dynamic, bool) async` (function entry 0x53db20), instruction `// 0x53dbb4: b               #0x53db60`",output/blutter/asm/kkg.dart:66,"file output/blutter/asm/kkg.dart, class _ioa, function at 0x53db20"
E0512,CH-11,0,L5,dart_call,libapp.so,0x53e7f0,"_ioa::[closure] Future<Null> <anonymous closure>(dynamic, int) async",bl #0x519270  ; InitAsyncStub,libapp.so,0x519270,InitAsyncStub,blutter's inline stub comment in the same listing,proven,"output/blutter/asm/kkg.dart:92 inside `[closure] Future<Null> <anonymous closure>(dynamic, int) async` (function entry 0x53e7ac), instruction `//     0x53e7f0: bl              #0x519270  ; InitAsyncStub`",output/blutter/asm/kkg.dart:92,"file output/blutter/asm/kkg.dart, class _ioa, function at 0x53e7ac"
E0513,CH-11,0,L5,dart_call,libapp.so,0x53e828,"_ioa::[closure] Future<Null> <anonymous closure>(dynamic, int) async",bl #0x3d0f50,libapp.so,0x3d0f50,0x3d0f50,(unresolved) no symbol in the committed dump covers this code address,candidate,"output/blutter/asm/kkg.dart:112 inside `[closure] Future<Null> <anonymous closure>(dynamic, int) async` (function entry 0x53e7ac), instruction `//     0x53e828: bl              #0x3d0f50`",output/blutter/asm/kkg.dart:112,"file output/blutter/asm/kkg.dart, class _ioa, function at 0x53e7ac"
E0514,CH-11,0,L5,dart_call,libapp.so,0x53e830,"_ioa::[closure] Future<Null> <anonymous closure>(dynamic, int) async",bl #0x528c4c  ; AllocateibaStub -> iba (size=0x10),libapp.so,0x528c4c,AllocateibaStub -> iba (size=0x10),blutter's inline stub comment in the same listing,proven,"output/blutter/asm/kkg.dart:115 inside `[closure] Future<Null> <anonymous closure>(dynamic, int) async` (function entry 0x53e7ac), instruction `//     0x53e830: bl              #0x528c4c  ; AllocateibaStub -> iba (size=0x10)`",output/blutter/asm/kkg.dart:115,"file output/blutter/asm/kkg.dart, class _ioa, function at 0x53e7ac"
E0515,CH-11,0,L5,dart_instantiates_closure,libapp.so,0x53e848,"_ioa::[closure] Future<Null> <anonymous closure>(dynamic, int) async","ldr xN, [PP, #0xd9a0]",libapp.so,0x38ae74,[kkg] _ioa::<anonymous closure> closure @ 0x38ae74 (pool slot pp+0xd9a0),pool slot named in the same disassembly line,proven,"output/blutter/asm/kkg.dart:123 `//     0x53e848: add             x1, PP, #0xd, lsl #12  ; [pp+0xd9a0] AnonymousClosure: (0x38ae74), in [kkg] _ioa::<anonymous closure> (0x37fe90)`",output/blutter/asm/kkg.dart:123,closure allocated here runs at 0x38ae74
E0516,CH-11,0,L5,dart_call,libapp.so,0x53e850,"_ioa::[closure] Future<Null> <anonymous closure>(dynamic, int) async",bl #0x553954  ; AllocateClosureStub,libapp.so,0x553954,AllocateClosureStub,blutter's inline stub comment in the same listing,proven,"output/blutter/asm/kkg.dart:126 inside `[closure] Future<Null> <anonymous closure>(dynamic, int) async` (function entry 0x53e7ac), instruction `//     0x53e850: bl              #0x553954  ; AllocateClosureStub`",output/blutter/asm/kkg.dart:126,"file output/blutter/asm/kkg.dart, class _ioa, function at 0x53e7ac"
E0517,CH-11,0,L5,dart_call,libapp.so,0x53e85c,"_ioa::[closure] Future<Null> <anonymous closure>(dynamic, int) async",bl #0x527498  ; AllocateYGStub -> YG<X0> (size=0x9c),libapp.so,0x527498,AllocateYGStub -> YG<X0> (size=0x9c),blutter's inline stub comment in the same listing,proven,"output/blutter/asm/kkg.dart:131 inside `[closure] Future<Null> <anonymous closure>(dynamic, int) async` (function entry 0x53e7ac), instruction `//     0x53e85c: bl              #0x527498  ; AllocateYGStub -> YG<X0> (size=0x9c)`",output/blutter/asm/kkg.dart:131,"file output/blutter/asm/kkg.dart, class _ioa, function at 0x53e7ac"
E0518,CH-11,0,L5,dart_call,libapp.so,0x53e87c,"_ioa::[closure] Future<Null> <anonymous closure>(dynamic, int) async",bl #0x29cb40,libapp.so,0x29cb40,0x29cb40,(unresolved) no symbol in the committed dump covers this code address,candidate,"output/blutter/asm/kkg.dart:141 inside `[closure] Future<Null> <anonymous closure>(dynamic, int) async` (function entry 0x53e7ac), instruction `//     0x53e87c: bl              #0x29cb40`",output/blutter/asm/kkg.dart:141,"file output/blutter/asm/kkg.dart, class _ioa, function at 0x53e7ac"
E0519,CH-11,0,L5,dart_call,libapp.so,0x53e898,"_ioa::[closure] Future<Null> <anonymous closure>(dynamic, int) async",bl #0x38a364,libapp.so,0x38a364,0x38a364,(unresolved) no symbol in the committed dump covers this code address,candidate,"output/blutter/asm/kkg.dart:151 inside `[closure] Future<Null> <anonymous closure>(dynamic, int) async` (function entry 0x53e7ac), instruction `//     0x53e898: bl              #0x38a364`",output/blutter/asm/kkg.dart:151,"file output/blutter/asm/kkg.dart, class _ioa, function at 0x53e7ac"
E0520,CH-11,0,L5,dart_tail_call,libapp.so,0x53e8a0,"_ioa::[closure] Future<Null> <anonymous closure>(dynamic, int) async",b #0x519244  ; ReturnAsyncNotFutureStub,libapp.so,0x519244,ReturnAsyncNotFutureStub,blutter's inline stub comment in the same listing,proven,"output/blutter/asm/kkg.dart:155 inside `[closure] Future<Null> <anonymous closure>(dynamic, int) async` (function entry 0x53e7ac), instruction `//     0x53e8a0: b               #0x519244  ; ReturnAsyncNotFutureStub`",output/blutter/asm/kkg.dart:155,"file output/blutter/asm/kkg.dart, class _ioa, function at 0x53e7ac"
E0521,CH-11,0,L5,dart_call,libapp.so,0x53e8c0,"_ioa::[closure] Future<Null> <anonymous closure>(dynamic, int) async",bl #0x5526e0  ; InitLateStaticFieldStub,libapp.so,0x5526e0,InitLateStaticFieldStub,blutter's inline stub comment in the same listing,proven,"output/blutter/asm/kkg.dart:164 inside `[closure] Future<Null> <anonymous closure>(dynamic, int) async` (function entry 0x53e7ac), instruction `//     0x53e8c0: bl              #0x5526e0  ; InitLateStaticFieldStub`",output/blutter/asm/kkg.dart:164,"file output/blutter/asm/kkg.dart, class _ioa, function at 0x53e7ac"
E0522,CH-11,0,L5,dart_call,libapp.so,0x53e8d0,"_ioa::[closure] Future<Null> <anonymous closure>(dynamic, int) async",bl #0x3882d0,libapp.so,0x3882d0,0x3882d0,(unresolved) no symbol in the committed dump covers this code address,candidate,"output/blutter/asm/kkg.dart:171 inside `[closure] Future<Null> <anonymous closure>(dynamic, int) async` (function entry 0x53e7ac), instruction `//     0x53e8d0: bl              #0x3882d0`",output/blutter/asm/kkg.dart:171,"file output/blutter/asm/kkg.dart, class _ioa, function at 0x53e7ac"
E0523,CH-11,0,L5,dart_call,libapp.so,0x53e8f0,"_ioa::[closure] Future<Null> <anonymous closure>(dynamic, int) async",bl #0x53e96c  ; [] ::__unknown_function__,libapp.so,0x53e96c,[] ::__unknown_function__,blutter's inline stub comment in the same listing,proven,"output/blutter/asm/kkg.dart:184 inside `[closure] Future<Null> <anonymous closure>(dynamic, int) async` (function entry 0x53e7ac), instruction `//     0x53e8f0: bl              #0x53e96c  ; [] ::__unknown_function__`",output/blutter/asm/kkg.dart:184,"file output/blutter/asm/kkg.dart, class _ioa, function at 0x53e7ac"
E0524,CH-11,0,L5,dart_call,libapp.so,0x53e8fc,"_ioa::[closure] Future<Null> <anonymous closure>(dynamic, int) async",bl #0x518e60  ; AwaitStub,libapp.so,0x518e60,AwaitStub,blutter's inline stub comment in the same listing,proven,"output/blutter/asm/kkg.dart:188 inside `[closure] Future<Null> <anonymous closure>(dynamic, int) async` (function entry 0x53e7ac), instruction `//     0x53e8fc: bl              #0x518e60  ; AwaitStub`",output/blutter/asm/kkg.dart:188,"file output/blutter/asm/kkg.dart, class _ioa, function at 0x53e7ac"
E0525,CH-11,0,L5,dart_instantiates_closure,libapp.so,0x53e900,"_ioa::[closure] Future<Null> <anonymous closure>(dynamic, int) async","ldr xN, [PP, #0xd9b8]",libapp.so,0x53ec84,[kkg] _ioa::<anonymous closure> closure @ 0x53ec84 (pool slot pp+0xd9b8),pool slot named in the same disassembly line,proven,"output/blutter/asm/kkg.dart:190 `//     0x53e900: add             x1, PP, #0xd, lsl #12  ; [pp+0xd9b8] AnonymousClosure: (0x53ec84), in [kkg] _ioa::<anonymous closure> (0x37fe90)`",output/blutter/asm/kkg.dart:190,closure allocated here runs at 0x53ec84
E0526,CH-11,0,L5,dart_call,libapp.so,0x53e90c,"_ioa::[closure] Future<Null> <anonymous closure>(dynamic, int) async",bl #0x553954  ; AllocateClosureStub,libapp.so,0x553954,AllocateClosureStub,blutter's inline stub comment in the same listing,proven,"output/blutter/asm/kkg.dart:195 inside `[closure] Future<Null> <anonymous closure>(dynamic, int) async` (function entry 0x53e7ac), instruction `//     0x53e90c: bl              #0x553954  ; AllocateClosureStub`",output/blutter/asm/kkg.dart:195,"file output/blutter/asm/kkg.dart, class _ioa, function at 0x53e7ac"
E0527,CH-11,0,L5,dart_call,libapp.so,0x53e928,"_ioa::[closure] Future<Null> <anonymous closure>(dynamic, int) async",bl #0x518e60  ; AwaitStub,libapp.so,0x518e60,AwaitStub,blutter's inline stub comment in the same listing,proven,"output/blutter/asm/kkg.dart:204 inside `[closure] Future<Null> <anonymous closure>(dynamic, int) async` (function entry 0x53e7ac), instruction `//     0x53e928: bl              #0x518e60  ; AwaitStub`",output/blutter/asm/kkg.dart:204,"file output/blutter/asm/kkg.dart, class _ioa, function at 0x53e7ac"
E0528,CH-11,0,L5,dart_instantiates_closure,libapp.so,0x53e93c,"_ioa::[closure] Future<Null> <anonymous closure>(dynamic, int) async","ldr xN, [PP, #0xd9c0]",libapp.so,0x38a5d8,[kkg] _ioa::<anonymous closure> closure @ 0x38a5d8 (pool slot pp+0xd9c0),pool slot named in the same disassembly line,proven,"output/blutter/asm/kkg.dart:212 `//     0x53e93c: add             x1, PP, #0xd, lsl #12  ; [pp+0xd9c0] AnonymousClosure: (0x38a5d8), in [kkg] _ioa::<anonymous closure> (0x37fe90)`",output/blutter/asm/kkg.dart:212,closure allocated here runs at 0x38a5d8
E0529,CH-11,0,L5,dart_call,libapp.so,0x53e944,"_ioa::[closure] Future<Null> <anonymous closure>(dynamic, int) async",bl #0x553954  ; AllocateClosureStub,libapp.so,0x553954,AllocateClosureStub,blutter's inline stub comment in the same listing,proven,"output/blutter/asm/kkg.dart:215 inside `[closure] Future<Null> <anonymous closure>(dynamic, int) async` (function entry 0x53e7ac), instruction `//     0x53e944: bl              #0x553954  ; AllocateClosureStub`",output/blutter/asm/kkg.dart:215,"file output/blutter/asm/kkg.dart, class _ioa, function at 0x53e7ac"
E0530,CH-11,0,L5,dart_call,libapp.so,0x53e950,"_ioa::[closure] Future<Null> <anonymous closure>(dynamic, int) async",bl #0x1a5b64,libapp.so,0x1a5b64,0x1a5b64,(unresolved) no symbol in the committed dump covers this code address,candidate,"output/blutter/asm/kkg.dart:219 inside `[closure] Future<Null> <anonymous closure>(dynamic, int) async` (function entry 0x53e7ac), instruction `//     0x53e950: bl              #0x1a5b64`",output/blutter/asm/kkg.dart:219,"file output/blutter/asm/kkg.dart, class _ioa, function at 0x53e7ac"
E0531,CH-11,0,L5,dart_tail_call,libapp.so,0x53e958,"_ioa::[closure] Future<Null> <anonymous closure>(dynamic, int) async",b #0x519244  ; ReturnAsyncNotFutureStub,libapp.so,0x519244,ReturnAsyncNotFutureStub,blutter's inline stub comment in the same listing,proven,"output/blutter/asm/kkg.dart:223 inside `[closure] Future<Null> <anonymous closure>(dynamic, int) async` (function entry 0x53e7ac), instruction `//     0x53e958: b               #0x519244  ; ReturnAsyncNotFutureStub`",output/blutter/asm/kkg.dart:223,"file output/blutter/asm/kkg.dart, class _ioa, function at 0x53e7ac"
E0532,CH-11,0,L5,dart_call,libapp.so,0x53e95c,"_ioa::[closure] Future<Null> <anonymous closure>(dynamic, int) async",bl #0x554734  ; StackOverflowSharedWithoutFPURegsStub,libapp.so,0x554734,StackOverflowSharedWithoutFPURegsStub,blutter's inline stub comment in the same listing,proven,"output/blutter/asm/kkg.dart:225 inside `[closure] Future<Null> <anonymous closure>(dynamic, int) async` (function entry 0x53e7ac), instruction `//     0x53e95c: bl              #0x554734  ; StackOverflowSharedWithoutFPURegsStub`",output/blutter/asm/kkg.dart:225,"file output/blutter/asm/kkg.dart, class _ioa, function at 0x53e7ac"
E0533,CH-11,0,L5,dart_tail_call,libapp.so,0x53e960,"_ioa::[closure] Future<Null> <anonymous closure>(dynamic, int) async",b #0x53e7ec,libapp.so,0x53e7ec,kkg__ioa::_anon_closure_53e7ac,inside the function blutter names at 0x53e7ac (add_func range),strong,"output/blutter/asm/kkg.dart:226 inside `[closure] Future<Null> <anonymous closure>(dynamic, int) async` (function entry 0x53e7ac), instruction `// 0x53e960: b               #0x53e7ec`",output/blutter/asm/kkg.dart:226,"file output/blutter/asm/kkg.dart, class _ioa, function at 0x53e7ac"
E0534,CH-11,0,L5,dart_call,libapp.so,0x53e964,"_ioa::[closure] Future<Null> <anonymous closure>(dynamic, int) async",bl #0x554cdc  ; NullCastErrorSharedWithoutFPURegsStub,libapp.so,0x554cdc,NullCastErrorSharedWithoutFPURegsStub,blutter's inline stub comment in the same listing,proven,"output/blutter/asm/kkg.dart:228 inside `[closure] Future<Null> <anonymous closure>(dynamic, int) async` (function entry 0x53e7ac), instruction `//     0x53e964: bl              #0x554cdc  ; NullCastErrorSharedWithoutFPURegsStub`",output/blutter/asm/kkg.dart:228,"file output/blutter/asm/kkg.dart, class _ioa, function at 0x53e7ac"
E0535,CH-11,0,L5,dart_call,libapp.so,0x53e968,"_ioa::[closure] Future<Null> <anonymous closure>(dynamic, int) async",bl #0x554cdc  ; NullCastErrorSharedWithoutFPURegsStub,libapp.so,0x554cdc,NullCastErrorSharedWithoutFPURegsStub,blutter's inline stub comment in the same listing,proven,"output/blutter/asm/kkg.dart:230 inside `[closure] Future<Null> <anonymous closure>(dynamic, int) async` (function entry 0x53e7ac), instruction `//     0x53e968: bl              #0x554cdc  ; NullCastErrorSharedWithoutFPURegsStub`",output/blutter/asm/kkg.dart:230,"file output/blutter/asm/kkg.dart, class _ioa, function at 0x53e7ac"
E0536,CH-11,0,L5,dart_call,libapp.so,0x53ecbc,_ioa::[closure] Future<bool> ugf(dynamic) async,bl #0x519270  ; InitAsyncStub,libapp.so,0x519270,InitAsyncStub,blutter's inline stub comment in the same listing,proven,"output/blutter/asm/kkg.dart:253 inside `[closure] Future<bool> ugf(dynamic) async` (function entry 0x53ec84), instruction `//     0x53ecbc: bl              #0x519270  ; InitAsyncStub`",output/blutter/asm/kkg.dart:253,"file output/blutter/asm/kkg.dart, class _ioa, function at 0x53ec84"
E0537,CH-11,0,L5,dart_call,libapp.so,0x53ecf0,_ioa::[closure] Future<bool> ugf(dynamic) async,bl #0x5526e0  ; InitLateStaticFieldStub,libapp.so,0x5526e0,InitLateStaticFieldStub,blutter's inline stub comment in the same listing,proven,"output/blutter/asm/kkg.dart:269 inside `[closure] Future<bool> ugf(dynamic) async` (function entry 0x53ec84), instruction `//     0x53ecf0: bl              #0x5526e0  ; InitLateStaticFieldStub`",output/blutter/asm/kkg.dart:269,"file output/blutter/asm/kkg.dart, class _ioa, function at 0x53ec84"
E0538,CH-11,0,L5,dart_tail_call,libapp.so,0x53ed4c,_ioa::[closure] Future<bool> ugf(dynamic) async,b #0x53ef68,libapp.so,0x53ef68,kkg__ioa::ugf_53ec84,inside the function blutter names at 0x53ec84 (add_func range),strong,"output/blutter/asm/kkg.dart:304 inside `[closure] Future<bool> ugf(dynamic) async` (function entry 0x53ec84), instruction `// 0x53ed4c: b               #0x53ef68`",output/blutter/asm/kkg.dart:304,"file output/blutter/asm/kkg.dart, class _ioa, function at 0x53ec84"
E0539,CH-11,0,L5,dart_call,libapp.so,0x53ed58,_ioa::[closure] Future<bool> ugf(dynamic) async,bl #0x53ef9c  ; [] ::__unknown_function__,libapp.so,0x53ef9c,[] ::__unknown_function__,blutter's inline stub comment in the same listing,proven,"output/blutter/asm/kkg.dart:310 inside `[closure] Future<bool> ugf(dynamic) async` (function entry 0x53ec84), instruction `//     0x53ed58: bl              #0x53ef9c  ; [] ::__unknown_function__`",output/blutter/asm/kkg.dart:310,"file output/blutter/asm/kkg.dart, class _ioa, function at 0x53ec84"
E0540,CH-11,0,L5,dart_call,libapp.so,0x53ed64,_ioa::[closure] Future<bool> ugf(dynamic) async,bl #0x518e60  ; AwaitStub,libapp.so,0x518e60,AwaitStub,blutter's inline stub comment in the same listing,proven,"output/blutter/asm/kkg.dart:314 inside `[closure] Future<bool> ugf(dynamic) async` (function entry 0x53ec84), instruction `//     0x53ed64: bl              #0x518e60  ; AwaitStub`",output/blutter/asm/kkg.dart:314,"file output/blutter/asm/kkg.dart, class _ioa, function at 0x53ec84"
E0541,CH-11,0,L5,dart_call,libapp.so,0x53ed8c,_ioa::[closure] Future<bool> ugf(dynamic) async,bl #0x552d4c  ; WriteBarrierWrappersStub,libapp.so,0x552d4c,WriteBarrierWrappersStub,blutter's inline stub comment in the same listing,proven,"output/blutter/asm/kkg.dart:325 inside `[closure] Future<bool> ugf(dynamic) async` (function entry 0x53ec84), instruction `//     0x53ed8c: bl              #0x552d4c  ; WriteBarrierWrappersStub`",output/blutter/asm/kkg.dart:325,"file output/blutter/asm/kkg.dart, class _ioa, function at 0x53ec84"
E0542,CH-11,0,L5,dart_tail_call,libapp.so,0x53ede4,_ioa::[closure] Future<bool> ugf(dynamic) async,b #0x53ef68,libapp.so,0x53ef68,kkg__ioa::ugf_53ec84,inside the function blutter names at 0x53ec84 (add_func range),strong,"output/blutter/asm/kkg.dart:360 inside `[closure] Future<bool> ugf(dynamic) async` (function entry 0x53ec84), instruction `// 0x53ede4: b               #0x53ef68`",output/blutter/asm/kkg.dart:360,"file output/blutter/asm/kkg.dart, class _ioa, function at 0x53ec84"
E0543,CH-11,0,L5,dart_tail_call,libapp.so,0x53ee00,_ioa::[closure] Future<bool> ugf(dynamic) async,b #0x53ee38,libapp.so,0x53ee38,kkg__ioa::ugf_53ec84,inside the function blutter names at 0x53ec84 (add_func range),strong,"output/blutter/asm/kkg.dart:370 inside `[closure] Future<bool> ugf(dynamic) async` (function entry 0x53ec84), instruction `// 0x53ee00: b               #0x53ee38`",output/blutter/asm/kkg.dart:370,"file output/blutter/asm/kkg.dart, class _ioa, function at 0x53ec84"
E0544,CH-11,0,L5,dart_tail_call,libapp.so,0x53ee84,_ioa::[closure] Future<bool> ugf(dynamic) async,b #0x53ef68,libapp.so,0x53ef68,kkg__ioa::ugf_53ec84,inside the function blutter names at 0x53ec84 (add_func range),strong,"output/blutter/asm/kkg.dart:420 inside `[closure] Future<bool> ugf(dynamic) async` (function entry 0x53ec84), instruction `// 0x53ee84: b               #0x53ef68`",output/blutter/asm/kkg.dart:420,"file output/blutter/asm/kkg.dart, class _ioa, function at 0x53ec84"
E0545,CH-11,0,L5,dart_tail_call,libapp.so,0x53ef00,_ioa::[closure] Future<bool> ugf(dynamic) async,b #0x53ef68,libapp.so,0x53ef68,kkg__ioa::ugf_53ec84,inside the function blutter names at 0x53ec84 (add_func range),strong,"output/blutter/asm/kkg.dart:467 inside `[closure] Future<bool> ugf(dynamic) async` (function entry 0x53ec84), instruction `// 0x53ef00: b               #0x53ef68`",output/blutter/asm/kkg.dart:467,"file output/blutter/asm/kkg.dart, class _ioa, function at 0x53ec84"
E0546,CH-11,0,L5,dart_call,libapp.so,0x53ef0c,_ioa::[closure] Future<bool> ugf(dynamic) async,bl #0x53380c  ; [] ::__unknown_function__,libapp.so,0x53380c,[] ::__unknown_function__,blutter's inline stub comment in the same listing,proven,"output/blutter/asm/kkg.dart:473 inside `[closure] Future<bool> ugf(dynamic) async` (function entry 0x53ec84), instruction `//     0x53ef0c: bl              #0x53380c  ; [] ::__unknown_function__`",output/blutter/asm/kkg.dart:473,"file output/blutter/asm/kkg.dart, class _ioa, function at 0x53ec84"
E0547,CH-11,0,L5,dart_call,libapp.so,0x53ef18,_ioa::[closure] Future<bool> ugf(dynamic) async,bl #0x518e60  ; AwaitStub,libapp.so,0x518e60,AwaitStub,blutter's inline stub comment in the same listing,proven,"output/blutter/asm/kkg.dart:477 inside `[closure] Future<bool> ugf(dynamic) async` (function entry 0x53ec84), instruction `//     0x53ef18: bl              #0x518e60  ; AwaitStub`",output/blutter/asm/kkg.dart:477,"file output/blutter/asm/kkg.dart, class _ioa, function at 0x53ec84"
E0548,CH-11,0,L5,dart_tail_call,libapp.so,0x53ef6c,_ioa::[closure] Future<bool> ugf(dynamic) async,b #0x53ecc4,libapp.so,0x53ecc4,kkg__ioa::ugf_53ec84,inside the function blutter names at 0x53ec84 (add_func range),strong,"output/blutter/asm/kkg.dart:510 inside `[closure] Future<bool> ugf(dynamic) async` (function entry 0x53ec84), instruction `// 0x53ef6c: b               #0x53ecc4`",output/blutter/asm/kkg.dart:510,"file output/blutter/asm/kkg.dart, class _ioa, function at 0x53ec84"
E0549,CH-11,0,L5,dart_tail_call,libapp.so,0x53ef74,_ioa::[closure] Future<bool> ugf(dynamic) async,b #0x519244  ; ReturnAsyncNotFutureStub,libapp.so,0x519244,ReturnAsyncNotFutureStub,blutter's inline stub comment in the same listing,proven,"output/blutter/asm/kkg.dart:514 inside `[closure] Future<bool> ugf(dynamic) async` (function entry 0x53ec84), instruction `//     0x53ef74: b               #0x519244  ; ReturnAsyncNotFutureStub`",output/blutter/asm/kkg.dart:514,"file output/blutter/asm/kkg.dart, class _ioa, function at 0x53ec84"
E0550,CH-11,0,L5,dart_call,libapp.so,0x53ef78,_ioa::[closure] Future<bool> ugf(dynamic) async,bl #0x554734  ; StackOverflowSharedWithoutFPURegsStub,libapp.so,0x554734,StackOverflowSharedWithoutFPURegsStub,blutter's inline stub comment in the same listing,proven,"output/blutter/asm/kkg.dart:516 inside `[closure] Future<bool> ugf(dynamic) async` (function entry 0x53ec84), instruction `//     0x53ef78: bl              #0x554734  ; StackOverflowSharedWithoutFPURegsStub`",output/blutter/asm/kkg.dart:516,"file output/blutter/asm/kkg.dart, class _ioa, function at 0x53ec84"
E0551,CH-11,0,L5,dart_tail_call,libapp.so,0x53ef7c,_ioa::[closure] Future<bool> ugf(dynamic) async,b #0x53ecb8,libapp.so,0x53ecb8,kkg__ioa::ugf_53ec84,inside the function blutter names at 0x53ec84 (add_func range),strong,"output/blutter/asm/kkg.dart:517 inside `[closure] Future<bool> ugf(dynamic) async` (function entry 0x53ec84), instruction `// 0x53ef7c: b               #0x53ecb8`",output/blutter/asm/kkg.dart:517,"file output/blutter/asm/kkg.dart, class _ioa, function at 0x53ec84"
E0552,CH-11,0,L5,dart_call,libapp.so,0x53ef80,_ioa::[closure] Future<bool> ugf(dynamic) async,bl #0x554734  ; StackOverflowSharedWithoutFPURegsStub,libapp.so,0x554734,StackOverflowSharedWithoutFPURegsStub,blutter's inline stub comment in the same listing,proven,"output/blutter/asm/kkg.dart:519 inside `[closure] Future<bool> ugf(dynamic) async` (function entry 0x53ec84), instruction `//     0x53ef80: bl              #0x554734  ; StackOverflowSharedWithoutFPURegsStub`",output/blutter/asm/kkg.dart:519,"file output/blutter/asm/kkg.dart, class _ioa, function at 0x53ec84"
E0553,CH-11,0,L5,dart_tail_call,libapp.so,0x53ef84,_ioa::[closure] Future<bool> ugf(dynamic) async,b #0x53ecd4,libapp.so,0x53ecd4,kkg__ioa::ugf_53ec84,inside the function blutter names at 0x53ec84 (add_func range),strong,"output/blutter/asm/kkg.dart:520 inside `[closure] Future<bool> ugf(dynamic) async` (function entry 0x53ec84), instruction `// 0x53ef84: b               #0x53ecd4`",output/blutter/asm/kkg.dart:520,"file output/blutter/asm/kkg.dart, class _ioa, function at 0x53ec84"
E0554,CH-11,0,L5,dart_call,libapp.so,0x53ef88,_ioa::[closure] Future<bool> ugf(dynamic) async,bl #0x554b7c  ; RangeErrorSharedWithoutFPURegsStub,libapp.so,0x554b7c,RangeErrorSharedWithoutFPURegsStub,blutter's inline stub comment in the same listing,proven,"output/blutter/asm/kkg.dart:522 inside `[closure] Future<bool> ugf(dynamic) async` (function entry 0x53ec84), instruction `//     0x53ef88: bl              #0x554b7c  ; RangeErrorSharedWithoutFPURegsStub`",output/blutter/asm/kkg.dart:522,"file output/blutter/asm/kkg.dart, class _ioa, function at 0x53ec84"
E0555,CH-11,0,L5,dart_call,libapp.so,0x53ef8c,_ioa::[closure] Future<bool> ugf(dynamic) async,bl #0x554b7c  ; RangeErrorSharedWithoutFPURegsStub,libapp.so,0x554b7c,RangeErrorSharedWithoutFPURegsStub,blutter's inline stub comment in the same listing,proven,"output/blutter/asm/kkg.dart:524 inside `[closure] Future<bool> ugf(dynamic) async` (function entry 0x53ec84), instruction `//     0x53ef8c: bl              #0x554b7c  ; RangeErrorSharedWithoutFPURegsStub`",output/blutter/asm/kkg.dart:524,"file output/blutter/asm/kkg.dart, class _ioa, function at 0x53ec84"
E0556,CH-11,0,L5,dart_call,libapp.so,0x53ef90,_ioa::[closure] Future<bool> ugf(dynamic) async,bl #0x554b7c  ; RangeErrorSharedWithoutFPURegsStub,libapp.so,0x554b7c,RangeErrorSharedWithoutFPURegsStub,blutter's inline stub comment in the same listing,proven,"output/blutter/asm/kkg.dart:526 inside `[closure] Future<bool> ugf(dynamic) async` (function entry 0x53ec84), instruction `//     0x53ef90: bl              #0x554b7c  ; RangeErrorSharedWithoutFPURegsStub`",output/blutter/asm/kkg.dart:526,"file output/blutter/asm/kkg.dart, class _ioa, function at 0x53ec84"
E0557,CH-11,0,L5,dart_call,libapp.so,0x53ef94,_ioa::[closure] Future<bool> ugf(dynamic) async,bl #0x554b7c  ; RangeErrorSharedWithoutFPURegsStub,libapp.so,0x554b7c,RangeErrorSharedWithoutFPURegsStub,blutter's inline stub comment in the same listing,proven,"output/blutter/asm/kkg.dart:528 inside `[closure] Future<bool> ugf(dynamic) async` (function entry 0x53ec84), instruction `//     0x53ef94: bl              #0x554b7c  ; RangeErrorSharedWithoutFPURegsStub`",output/blutter/asm/kkg.dart:528,"file output/blutter/asm/kkg.dart, class _ioa, function at 0x53ec84"
E0558,CH-11,0,L5,dart_call,libapp.so,0x53ef98,_ioa::[closure] Future<bool> ugf(dynamic) async,bl #0x554b7c  ; RangeErrorSharedWithoutFPURegsStub,libapp.so,0x554b7c,RangeErrorSharedWithoutFPURegsStub,blutter's inline stub comment in the same listing,proven,"output/blutter/asm/kkg.dart:530 inside `[closure] Future<bool> ugf(dynamic) async` (function entry 0x53ec84), instruction `//     0x53ef98: bl              #0x554b7c  ; RangeErrorSharedWithoutFPURegsStub`",output/blutter/asm/kkg.dart:530,"file output/blutter/asm/kkg.dart, class _ioa, function at 0x53ec84"
E0676,CH-11,0,L5,dart_call,libapp.so,0x5421dc,"_xba::_qba [](_xba, int)",bl #0x55b758  ; IsType_int_Stub,libapp.so,0x55b758,IsType_int_Stub,blutter's inline stub comment in the same listing,proven,"output/blutter/asm/zfg.dart:340 inside `_qba [](_xba, int)` (function entry 0x5421a4), instruction `//     0x5421dc: bl              #0x55b758  ; IsType_int_Stub`",output/blutter/asm/zfg.dart:340,"file output/blutter/asm/zfg.dart, class _xba, function at 0x5421a4"
E0677,CH-11,0,L5,dart_call,libapp.so,0x542230,"_xba::_qba [](_xba, int)",bl #0x554b7c  ; RangeErrorSharedWithoutFPURegsStub,libapp.so,0x554b7c,RangeErrorSharedWithoutFPURegsStub,blutter's inline stub comment in the same listing,proven,"output/blutter/asm/zfg.dart:373 inside `_qba [](_xba, int)` (function entry 0x5421a4), instruction `//     0x542230: bl              #0x554b7c  ; RangeErrorSharedWithoutFPURegsStub`",output/blutter/asm/zfg.dart:373,"file output/blutter/asm/zfg.dart, class _xba, function at 0x5421a4"
E0268,CH-11,0,L5,dart_call,libapp.so,0x543f30,Ss::int dyn:get:_WAb(Ss),bl #0x554f64  ; LateInitializationErrorSharedWithoutFPURegsStub,libapp.so,0x554f64,LateInitializationErrorSharedWithoutFPURegsStub,blutter's inline stub comment in the same listing,proven,"output/blutter/asm/Xjg.dart:99 inside `int dyn:get:_WAb(Ss)` (function entry 0x543f04), instruction `//     0x543f30: bl              #0x554f64  ; LateInitializationErrorSharedWithoutFPURegsStub`",output/blutter/asm/Xjg.dart:99,"file output/blutter/asm/Xjg.dart, class Ss, function at 0x543f04"
E0266,CH-11,0,L5,dart_call,libapp.so,0x543fd4,"Gna::Ss [](Gna, int)",bl #0x55b758  ; IsType_int_Stub,libapp.so,0x55b758,IsType_int_Stub,blutter's inline stub comment in the same listing,proven,"output/blutter/asm/Xjg.dart:36 inside `Ss [](Gna, int)` (function entry 0x543f9c), instruction `//     0x543fd4: bl              #0x55b758  ; IsType_int_Stub`",output/blutter/asm/Xjg.dart:36,"file output/blutter/asm/Xjg.dart, class Gna, function at 0x543f9c"
E0267,CH-11,0,L5,dart_call,libapp.so,0x544028,"Gna::Ss [](Gna, int)",bl #0x554b7c  ; RangeErrorSharedWithoutFPURegsStub,libapp.so,0x554b7c,RangeErrorSharedWithoutFPURegsStub,blutter's inline stub comment in the same listing,proven,"output/blutter/asm/Xjg.dart:69 inside `Ss [](Gna, int)` (function entry 0x543f9c), instruction `//     0x544028: bl              #0x554b7c  ; RangeErrorSharedWithoutFPURegsStub`",output/blutter/asm/Xjg.dart:69,"file output/blutter/asm/Xjg.dart, class Gna, function at 0x543f9c"
E0237,CH-11,0,L5,dart_call,libapp.so,0x5440bc,"Zsa::Zsa -(Zsa, Zsa)",bl #0x5523c0  ; DefaultTypeTestStub,libapp.so,0x5523c0,DefaultTypeTestStub,blutter's inline stub comment in the same listing,proven,"output/blutter/asm/Ulg.dart:41 inside `Zsa -(Zsa, Zsa)` (function entry 0x544074), instruction `//     0x5440bc: bl              #0x5523c0  ; DefaultTypeTestStub`",output/blutter/asm/Ulg.dart:41,"file output/blutter/asm/Ulg.dart, class Zsa, function at 0x544074"
E0238,CH-11,0,L5,dart_call,libapp.so,0x5440c8,"Zsa::Zsa -(Zsa, Zsa)",bl #0x3cf4e8,libapp.so,0x3cf4e8,0x3cf4e8,(unresolved) no symbol in the committed dump covers this code address,candidate,"output/blutter/asm/Ulg.dart:45 inside `Zsa -(Zsa, Zsa)` (function entry 0x544074), instruction `//     0x5440c8: bl              #0x3cf4e8`",output/blutter/asm/Ulg.dart:45,"file output/blutter/asm/Ulg.dart, class Zsa, function at 0x544074"
E0239,CH-11,0,L5,dart_call,libapp.so,0x5440d8,"Zsa::Zsa -(Zsa, Zsa)",bl #0x554734  ; StackOverflowSharedWithoutFPURegsStub,libapp.so,0x554734,StackOverflowSharedWithoutFPURegsStub,blutter's inline stub comment in the same listing,proven,"output/blutter/asm/Ulg.dart:52 inside `Zsa -(Zsa, Zsa)` (function entry 0x544074), instruction `//     0x5440d8: bl              #0x554734  ; StackOverflowSharedWithoutFPURegsStub`",output/blutter/asm/Ulg.dart:52,"file output/blutter/asm/Ulg.dart, class Zsa, function at 0x544074"
E0240,CH-11,0,L5,dart_tail_call,libapp.so,0x5440dc,"Zsa::Zsa -(Zsa, Zsa)",b #0x544088,libapp.so,0x544088,Ulg_Zsa::op_sub_544074,inside the function blutter names at 0x544074 (add_func range),strong,"output/blutter/asm/Ulg.dart:53 inside `Zsa -(Zsa, Zsa)` (function entry 0x544074), instruction `// 0x5440dc: b               #0x544088`",output/blutter/asm/Ulg.dart:53,"file output/blutter/asm/Ulg.dart, class Zsa, function at 0x544074"
E0241,CH-11,0,L5,dart_call,libapp.so,0x544140,"Zsa::Zsa +(Zsa, Zsa)",bl #0x5523c0  ; DefaultTypeTestStub,libapp.so,0x5523c0,DefaultTypeTestStub,blutter's inline stub comment in the same listing,proven,"output/blutter/asm/Ulg.dart:85 inside `Zsa +(Zsa, Zsa)` (function entry 0x5440f8), instruction `//     0x544140: bl              #0x5523c0  ; DefaultTypeTestStub`",output/blutter/asm/Ulg.dart:85,"file output/blutter/asm/Ulg.dart, class Zsa, function at 0x5440f8"
E0242,CH-11,0,L5,dart_call,libapp.so,0x54414c,"Zsa::Zsa +(Zsa, Zsa)",bl #0x3cf72c,libapp.so,0x3cf72c,0x3cf72c,(unresolved) no symbol in the committed dump covers this code address,candidate,"output/blutter/asm/Ulg.dart:89 inside `Zsa +(Zsa, Zsa)` (function entry 0x5440f8), instruction `//     0x54414c: bl              #0x3cf72c`",output/blutter/asm/Ulg.dart:89,"file output/blutter/asm/Ulg.dart, class Zsa, function at 0x5440f8"
E0243,CH-11,0,L5,dart_call,libapp.so,0x54415c,"Zsa::Zsa +(Zsa, Zsa)",bl #0x554734  ; StackOverflowSharedWithoutFPURegsStub,libapp.so,0x554734,StackOverflowSharedWithoutFPURegsStub,blutter's inline stub comment in the same listing,proven,"output/blutter/asm/Ulg.dart:96 inside `Zsa +(Zsa, Zsa)` (function entry 0x5440f8), instruction `//     0x54415c: bl              #0x554734  ; StackOverflowSharedWithoutFPURegsStub`",output/blutter/asm/Ulg.dart:96,"file output/blutter/asm/Ulg.dart, class Zsa, function at 0x5440f8"
E0244,CH-11,0,L5,dart_tail_call,libapp.so,0x544160,"Zsa::Zsa +(Zsa, Zsa)",b #0x54410c,libapp.so,0x54410c,Ulg_Zsa::op_add_5440f8,inside the function blutter names at 0x5440f8 (add_func range),strong,"output/blutter/asm/Ulg.dart:97 inside `Zsa +(Zsa, Zsa)` (function entry 0x5440f8), instruction `// 0x544160: b               #0x54410c`",output/blutter/asm/Ulg.dart:97,"file output/blutter/asm/Ulg.dart, class Zsa, function at 0x5440f8"
E0245,CH-11,0,L5,dart_call,libapp.so,0x5441b4,"Zsa::double [](Zsa, int)",bl #0x55b758  ; IsType_int_Stub,libapp.so,0x55b758,IsType_int_Stub,blutter's inline stub comment in the same listing,proven,"output/blutter/asm/Ulg.dart:123 inside `double [](Zsa, int)` (function entry 0x54417c), instruction `//     0x5441b4: bl              #0x55b758  ; IsType_int_Stub`",output/blutter/asm/Ulg.dart:123,"file output/blutter/asm/Ulg.dart, class Zsa, function at 0x54417c"
E0246,CH-11,0,L5,dart_call,libapp.so,0x5441bc,"Zsa::double [](Zsa, int)",bl #0x5527dc  ; ThrowStub,libapp.so,0x5527dc,ThrowStub,blutter's inline stub comment in the same listing,proven,"output/blutter/asm/Ulg.dart:127 inside `double [](Zsa, int)` (function entry 0x54417c), instruction `//     0x5441bc: bl              #0x5527dc  ; ThrowStub`",output/blutter/asm/Ulg.dart:127,"file output/blutter/asm/Ulg.dart, class Zsa, function at 0x54417c"
E0247,CH-11,0,L5,dart_call,libapp.so,0x5441fc,"Zsa::Zsa *(Zsa, double)",bl #0x3cf8bc,libapp.so,0x3cf8bc,0x3cf8bc,(unresolved) no symbol in the committed dump covers this code address,candidate,"output/blutter/asm/Ulg.dart:144 inside `Zsa *(Zsa, double)` (function entry 0x5441dc), instruction `//     0x5441fc: bl              #0x3cf8bc`",output/blutter/asm/Ulg.dart:144,"file output/blutter/asm/Ulg.dart, class Zsa, function at 0x5441dc"
E0248,CH-11,0,L5,dart_call,libapp.so,0x54420c,"Zsa::Zsa *(Zsa, double)",bl #0x554734  ; StackOverflowSharedWithoutFPURegsStub,libapp.so,0x554734,StackOverflowSharedWithoutFPURegsStub,blutter's inline stub comment in the same listing,proven,"output/blutter/asm/Ulg.dart:151 inside `Zsa *(Zsa, double)` (function entry 0x5441dc), instruction `//     0x54420c: bl              #0x554734  ; StackOverflowSharedWithoutFPURegsStub`",output/blutter/asm/Ulg.dart:151,"file output/blutter/asm/Ulg.dart, class Zsa, function at 0x5441dc"
E0249,CH-11,0,L5,dart_tail_call,libapp.so,0x544210,"Zsa::Zsa *(Zsa, double)",b #0x5441f0,libapp.so,0x5441f0,Ulg_Zsa::op_mul_5441dc,inside the function blutter names at 0x5441dc (add_func range),strong,"output/blutter/asm/Ulg.dart:152 inside `Zsa *(Zsa, double)` (function entry 0x5441dc), instruction `// 0x544210: b               #0x5441f0`",output/blutter/asm/Ulg.dart:152,"file output/blutter/asm/Ulg.dart, class Zsa, function at 0x5441dc"
E0614,CH-11,0,L5,dart_call,libapp.so,0x546820,"ota<X0,::X1 [](ota<X0, X1>, X0)",bl #0x3eca68,libapp.so,0x3eca68,0x3eca68,(unresolved) no symbol in the committed dump covers this code address,candidate,"output/blutter/asm/rmg.dart:22 inside `X1 [](ota<X0, X1>, X0)` (function entry 0x546804), instruction `//     0x546820: bl              #0x3eca68`",output/blutter/asm/rmg.dart:22,"file output/blutter/asm/rmg.dart, class ota<X0,, function at 0x546804"
E0615,CH-11,0,L5,dart_call,libapp.so,0x546830,"ota<X0,::X1 [](ota<X0, X1>, X0)",bl #0x554734  ; StackOverflowSharedWithoutFPURegsStub,libapp.so,0x554734,StackOverflowSharedWithoutFPURegsStub,blutter's inline stub comment in the same listing,proven,"output/blutter/asm/rmg.dart:29 inside `X1 [](ota<X0, X1>, X0)` (function entry 0x546804), instruction `//     0x546830: bl              #0x554734  ; StackOverflowSharedWithoutFPURegsStub`",output/blutter/asm/rmg.dart:29,"file output/blutter/asm/rmg.dart, class ota<X0,, function at 0x546804"
E0616,CH-11,0,L5,dart_tail_call,libapp.so,0x546834,"ota<X0,::X1 [](ota<X0, X1>, X0)",b #0x546818,libapp.so,0x546818,rmg_ota::op_at_546804,inside the function blutter names at 0x546804 (add_func range),strong,"output/blutter/asm/rmg.dart:30 inside `X1 [](ota<X0, X1>, X0)` (function entry 0x546804), instruction `// 0x546834: b               #0x546818`",output/blutter/asm/rmg.dart:30,"file output/blutter/asm/rmg.dart, class ota<X0,, function at 0x546804"
E0384,CH-11,0,L5,dart_call,libapp.so,0x547314,"cta::cta *(cta, cta)",bl #0x5523c0  ; DefaultTypeTestStub,libapp.so,0x5523c0,DefaultTypeTestStub,blutter's inline stub comment in the same listing,proven,"output/blutter/asm/amg.dart:524 inside `cta *(cta, cta)` (function entry 0x5472e0), instruction `//     0x547314: bl              #0x5523c0  ; DefaultTypeTestStub`",output/blutter/asm/amg.dart:524,"file output/blutter/asm/amg.dart, class cta, function at 0x5472e0"
E0385,CH-11,0,L5,dart_call,libapp.so,0x547340,"cta::cta *(cta, cta)",bl #0x5527dc  ; ThrowStub,libapp.so,0x5527dc,ThrowStub,blutter's inline stub comment in the same listing,proven,"output/blutter/asm/amg.dart:542 inside `cta *(cta, cta)` (function entry 0x5472e0), instruction `//     0x547340: bl              #0x5527dc  ; ThrowStub`",output/blutter/asm/amg.dart:542,"file output/blutter/asm/amg.dart, class cta, function at 0x5472e0"
E0386,CH-11,0,L5,dart_call,libapp.so,0x547348,"cta::cta *(cta, cta)",bl #0x554b7c  ; RangeErrorSharedWithoutFPURegsStub,libapp.so,0x554b7c,RangeErrorSharedWithoutFPURegsStub,blutter's inline stub comment in the same listing,proven,"output/blutter/asm/amg.dart:545 inside `cta *(cta, cta)` (function entry 0x5472e0), instruction `//     0x547348: bl              #0x554b7c  ; RangeErrorSharedWithoutFPURegsStub`",output/blutter/asm/amg.dart:545,"file output/blutter/asm/amg.dart, class cta, function at 0x5472e0"
E0387,CH-11,0,L5,dart_call,libapp.so,0x5473ac,"cta::cta -(cta, cta)",bl #0x5523c0  ; DefaultTypeTestStub,libapp.so,0x5523c0,DefaultTypeTestStub,blutter's inline stub comment in the same listing,proven,"output/blutter/asm/amg.dart:577 inside `cta -(cta, cta)` (function entry 0x547364), instruction `//     0x5473ac: bl              #0x5523c0  ; DefaultTypeTestStub`",output/blutter/asm/amg.dart:577,"file output/blutter/asm/amg.dart, class cta, function at 0x547364"
E0388,CH-11,0,L5,dart_call,libapp.so,0x5473b8,"cta::cta -(cta, cta)",bl #0x40b4e4,libapp.so,0x40b4e4,0x40b4e4,(unresolved) no symbol in the committed dump covers this code address,candidate,"output/blutter/asm/amg.dart:581 inside `cta -(cta, cta)` (function entry 0x547364), instruction `//     0x5473b8: bl              #0x40b4e4`",output/blutter/asm/amg.dart:581,"file output/blutter/asm/amg.dart, class cta, function at 0x547364"
E0389,CH-11,0,L5,dart_call,libapp.so,0x5473c8,"cta::cta -(cta, cta)",bl #0x554734  ; StackOverflowSharedWithoutFPURegsStub,libapp.so,0x554734,StackOverflowSharedWithoutFPURegsStub,blutter's inline stub comment in the same listing,proven,"output/blutter/asm/amg.dart:588 inside `cta -(cta, cta)` (function entry 0x547364), instruction `//     0x5473c8: bl              #0x554734  ; StackOverflowSharedWithoutFPURegsStub`",output/blutter/asm/amg.dart:588,"file output/blutter/asm/amg.dart, class cta, function at 0x547364"
E0390,CH-11,0,L5,dart_tail_call,libapp.so,0x5473cc,"cta::cta -(cta, cta)",b #0x547378,libapp.so,0x547378,amg_cta::op_sub_547364,inside the function blutter names at 0x547364 (add_func range),strong,"output/blutter/asm/amg.dart:589 inside `cta -(cta, cta)` (function entry 0x547364), instruction `// 0x5473cc: b               #0x547378`",output/blutter/asm/amg.dart:589,"file output/blutter/asm/amg.dart, class cta, function at 0x547364"
E0391,CH-11,0,L5,dart_call,libapp.so,0x547430,"cta::cta +(cta, cta)",bl #0x5523c0  ; DefaultTypeTestStub,libapp.so,0x5523c0,DefaultTypeTestStub,blutter's inline stub comment in the same listing,proven,"output/blutter/asm/amg.dart:621 inside `cta +(cta, cta)` (function entry 0x5473e8), instruction `//     0x547430: bl              #0x5523c0  ; DefaultTypeTestStub`",output/blutter/asm/amg.dart:621,"file output/blutter/asm/amg.dart, class cta, function at 0x5473e8"
E0392,CH-11,0,L5,dart_call,libapp.so,0x54743c,"cta::cta +(cta, cta)",bl #0x40b624,libapp.so,0x40b624,0x40b624,(unresolved) no symbol in the committed dump covers this code address,candidate,"output/blutter/asm/amg.dart:625 inside `cta +(cta, cta)` (function entry 0x5473e8), instruction `//     0x54743c: bl              #0x40b624`",output/blutter/asm/amg.dart:625,"file output/blutter/asm/amg.dart, class cta, function at 0x5473e8"
E0393,CH-11,0,L5,dart_call,libapp.so,0x54744c,"cta::cta +(cta, cta)",bl #0x554734  ; StackOverflowSharedWithoutFPURegsStub,libapp.so,0x554734,StackOverflowSharedWithoutFPURegsStub,blutter's inline stub comment in the same listing,proven,"output/blutter/asm/amg.dart:632 inside `cta +(cta, cta)` (function entry 0x5473e8), instruction `//     0x54744c: bl              #0x554734  ; StackOverflowSharedWithoutFPURegsStub`",output/blutter/asm/amg.dart:632,"file output/blutter/asm/amg.dart, class cta, function at 0x5473e8"
E0394,CH-11,0,L5,dart_tail_call,libapp.so,0x547450,"cta::cta +(cta, cta)",b #0x5473fc,libapp.so,0x5473fc,amg_cta::op_add_5473e8,inside the function blutter names at 0x5473e8 (add_func range),strong,"output/blutter/asm/amg.dart:633 inside `cta +(cta, cta)` (function entry 0x5473e8), instruction `// 0x547450: b               #0x5473fc`",output/blutter/asm/amg.dart:633,"file output/blutter/asm/amg.dart, class cta, function at 0x5473e8"
E0395,CH-11,0,L5,dart_call,libapp.so,0x5474a4,"cta::double [](cta, int)",bl #0x55b758  ; IsType_int_Stub,libapp.so,0x55b758,IsType_int_Stub,blutter's inline stub comment in the same listing,proven,"output/blutter/asm/amg.dart:659 inside `double [](cta, int)` (function entry 0x54746c), instruction `//     0x5474a4: bl              #0x55b758  ; IsType_int_Stub`",output/blutter/asm/amg.dart:659,"file output/blutter/asm/amg.dart, class cta, function at 0x54746c"
E0396,CH-11,0,L5,dart_call,libapp.so,0x5474ac,"cta::double [](cta, int)",bl #0x5527dc  ; ThrowStub,libapp.so,0x5527dc,ThrowStub,blutter's inline stub comment in the same listing,proven,"output/blutter/asm/amg.dart:663 inside `double [](cta, int)` (function entry 0x54746c), instruction `//     0x5474ac: bl              #0x5527dc  ; ThrowStub`",output/blutter/asm/amg.dart:663,"file output/blutter/asm/amg.dart, class cta, function at 0x54746c"
E0397,CH-11,0,L5,dart_call,libapp.so,0x547520,"bta::bta +(bta, bta)",bl #0x5523c0  ; DefaultTypeTestStub,libapp.so,0x5523c0,DefaultTypeTestStub,blutter's inline stub comment in the same listing,proven,"output/blutter/asm/amg.dart:701 inside `bta +(bta, bta)` (function entry 0x5474d8), instruction `//     0x547520: bl              #0x5523c0  ; DefaultTypeTestStub`",output/blutter/asm/amg.dart:701,"file output/blutter/asm/amg.dart, class bta, function at 0x5474d8"
E0398,CH-11,0,L5,dart_call,libapp.so,0x54752c,"bta::bta +(bta, bta)",bl #0x40c294,libapp.so,0x40c294,0x40c294,(unresolved) no symbol in the committed dump covers this code address,candidate,"output/blutter/asm/amg.dart:705 inside `bta +(bta, bta)` (function entry 0x5474d8), instruction `//     0x54752c: bl              #0x40c294`",output/blutter/asm/amg.dart:705,"file output/blutter/asm/amg.dart, class bta, function at 0x5474d8"
E0399,CH-11,0,L5,dart_call,libapp.so,0x54753c,"bta::bta +(bta, bta)",bl #0x554734  ; StackOverflowSharedWithoutFPURegsStub,libapp.so,0x554734,StackOverflowSharedWithoutFPURegsStub,blutter's inline stub comment in the same listing,proven,"output/blutter/asm/amg.dart:712 inside `bta +(bta, bta)` (function entry 0x5474d8), instruction `//     0x54753c: bl              #0x554734  ; StackOverflowSharedWithoutFPURegsStub`",output/blutter/asm/amg.dart:712,"file output/blutter/asm/amg.dart, class bta, function at 0x5474d8"
E0400,CH-11,0,L5,dart_tail_call,libapp.so,0x547540,"bta::bta +(bta, bta)",b #0x5474ec,libapp.so,0x5474ec,amg_bta::op_add_5474d8,inside the function blutter names at 0x5474d8 (add_func range),strong,"output/blutter/asm/amg.dart:713 inside `bta +(bta, bta)` (function entry 0x5474d8), instruction `// 0x547540: b               #0x5474ec`",output/blutter/asm/amg.dart:713,"file output/blutter/asm/amg.dart, class bta, function at 0x5474d8"
E0401,CH-11,0,L5,dart_call,libapp.so,0x54757c,"bta::dynamic *(bta, dynamic)",bl #0x40c6e0,libapp.so,0x40c6e0,0x40c6e0,(unresolved) no symbol in the committed dump covers this code address,candidate,"output/blutter/asm/amg.dart:729 inside `dynamic *(bta, dynamic)` (function entry 0x54755c), instruction `//     0x54757c: bl              #0x40c6e0`",output/blutter/asm/amg.dart:729,"file output/blutter/asm/amg.dart, class bta, function at 0x54755c"
E0402,CH-11,0,L5,dart_call,libapp.so,0x54758c,"bta::dynamic *(bta, dynamic)",bl #0x554734  ; StackOverflowSharedWithoutFPURegsStub,libapp.so,0x554734,StackOverflowSharedWithoutFPURegsStub,blutter's inline stub comment in the same listing,proven,"output/blutter/asm/amg.dart:736 inside `dynamic *(bta, dynamic)` (function entry 0x54755c), instruction `//     0x54758c: bl              #0x554734  ; StackOverflowSharedWithoutFPURegsStub`",output/blutter/asm/amg.dart:736,"file output/blutter/asm/amg.dart, class bta, function at 0x54755c"
E0403,CH-11,0,L5,dart_tail_call,libapp.so,0x547590,"bta::dynamic *(bta, dynamic)",b #0x547570,libapp.so,0x547570,amg_bta::op_mul_54755c,inside the function blutter names at 0x54755c (add_func range),strong,"output/blutter/asm/amg.dart:737 inside `dynamic *(bta, dynamic)` (function entry 0x54755c), instruction `// 0x547590: b               #0x547570`",output/blutter/asm/amg.dart:737,"file output/blutter/asm/amg.dart, class bta, function at 0x54755c"
E0404,CH-11,0,L5,dart_call,libapp.so,0x5475f4,"bta::bta -(bta, bta)",bl #0x5523c0  ; DefaultTypeTestStub,libapp.so,0x5523c0,DefaultTypeTestStub,blutter's inline stub comment in the same listing,proven,"output/blutter/asm/amg.dart:769 inside `bta -(bta, bta)` (function entry 0x5475ac), instruction `//     0x5475f4: bl              #0x5523c0  ; DefaultTypeTestStub`",output/blutter/asm/amg.dart:769,"file output/blutter/asm/amg.dart, class bta, function at 0x5475ac"
E0405,CH-11,0,L5,dart_call,libapp.so,0x547600,"bta::bta -(bta, bta)",bl #0x40c870,libapp.so,0x40c870,0x40c870,(unresolved) no symbol in the committed dump covers this code address,candidate,"output/blutter/asm/amg.dart:773 inside `bta -(bta, bta)` (function entry 0x5475ac), instruction `//     0x547600: bl              #0x40c870`",output/blutter/asm/amg.dart:773,"file output/blutter/asm/amg.dart, class bta, function at 0x5475ac"
E0406,CH-11,0,L5,dart_call,libapp.so,0x547610,"bta::bta -(bta, bta)",bl #0x554734  ; StackOverflowSharedWithoutFPURegsStub,libapp.so,0x554734,StackOverflowSharedWithoutFPURegsStub,blutter's inline stub comment in the same listing,proven,"output/blutter/asm/amg.dart:780 inside `bta -(bta, bta)` (function entry 0x5475ac), instruction `//     0x547610: bl              #0x554734  ; StackOverflowSharedWithoutFPURegsStub`",output/blutter/asm/amg.dart:780,"file output/blutter/asm/amg.dart, class bta, function at 0x5475ac"
E0407,CH-11,0,L5,dart_tail_call,libapp.so,0x547614,"bta::bta -(bta, bta)",b #0x5475c0,libapp.so,0x5475c0,amg_bta::op_sub_5475ac,inside the function blutter names at 0x5475ac (add_func range),strong,"output/blutter/asm/amg.dart:781 inside `bta -(bta, bta)` (function entry 0x5475ac), instruction `// 0x547614: b               #0x5475c0`",output/blutter/asm/amg.dart:781,"file output/blutter/asm/amg.dart, class bta, function at 0x5475ac"
E0408,CH-11,0,L5,dart_call,libapp.so,0x547668,"bta::double [](bta, int)",bl #0x55b758  ; IsType_int_Stub,libapp.so,0x55b758,IsType_int_Stub,blutter's inline stub comment in the same listing,proven,"output/blutter/asm/amg.dart:807 inside `double [](bta, int)` (function entry 0x547630), instruction `//     0x547668: bl              #0x55b758  ; IsType_int_Stub`",output/blutter/asm/amg.dart:807,"file output/blutter/asm/amg.dart, class bta, function at 0x547630"
E0409,CH-11,0,L5,dart_call,libapp.so,0x547670,"bta::double [](bta, int)",bl #0x5527dc  ; ThrowStub,libapp.so,0x5527dc,ThrowStub,blutter's inline stub comment in the same listing,proven,"output/blutter/asm/amg.dart:811 inside `double [](bta, int)` (function entry 0x547630), instruction `//     0x547670: bl              #0x5527dc  ; ThrowStub`",output/blutter/asm/amg.dart:811,"file output/blutter/asm/amg.dart, class bta, function at 0x547630"
E0312,CH-11,0,L5,dart_call,libapp.so,0x547694,"::::[closure] static String <anonymous closure>(dynamic, String)",bl #0x40dc60,libapp.so,0x40dc60,0x40dc60,(unresolved) no symbol in the committed dump covers this code address,candidate,"output/blutter/asm/Yhg.dart:21 inside `[closure] static String <anonymous closure>(dynamic, String)` (function entry 0x547678), instruction `//     0x547694: bl              #0x40dc60`",output/blutter/asm/Yhg.dart:21,"file output/blutter/asm/Yhg.dart, class ::, function at 0x547678"
E0313,CH-11,0,L5,dart_tail_call,libapp.so,0x54769c,"::::[closure] static String <anonymous closure>(dynamic, String)",b #0x5476ac,libapp.so,0x5476ac,Yhg_::_anon_closure_547678,inside the function blutter names at 0x547678 (add_func range),strong,"output/blutter/asm/Yhg.dart:23 inside `[closure] static String <anonymous closure>(dynamic, String)` (function entry 0x547678), instruction `// 0x54769c: b               #0x5476ac`",output/blutter/asm/Yhg.dart:23,"file output/blutter/asm/Yhg.dart, class ::, function at 0x547678"
E0314,CH-11,0,L5,dart_call,libapp.so,0x5476ac,"::::[closure] static String <anonymous closure>(dynamic, String)",bl #0x39a4a0,libapp.so,0x39a4a0,0x39a4a0,(unresolved) no symbol in the committed dump covers this code address,candidate,"output/blutter/asm/Yhg.dart:28 inside `[closure] static String <anonymous closure>(dynamic, String)` (function entry 0x547678), instruction `//     0x5476ac: bl              #0x39a4a0`",output/blutter/asm/Yhg.dart:28,"file output/blutter/asm/Yhg.dart, class ::, function at 0x547678"
E0315,CH-11,0,L5,dart_call,libapp.so,0x5476b4,"::::[closure] static String <anonymous closure>(dynamic, String)",bl #0x34be80,libapp.so,0x34be80,0x34be80,(unresolved) no symbol in the committed dump covers this code address,candidate,"output/blutter/asm/Yhg.dart:31 inside `[closure] static String <anonymous closure>(dynamic, String)` (function entry 0x547678), instruction `//     0x5476b4: bl              #0x34be80`",output/blutter/asm/Yhg.dart:31,"file output/blutter/asm/Yhg.dart, class ::, function at 0x547678"
E0316,CH-11,0,L5,dart_call,libapp.so,0x5476c4,"::::[closure] static String <anonymous closure>(dynamic, String)",bl #0x554734  ; StackOverflowSharedWithoutFPURegsStub,libapp.so,0x554734,StackOverflowSharedWithoutFPURegsStub,blutter's inline stub comment in the same listing,proven,"output/blutter/asm/Yhg.dart:38 inside `[closure] static String <anonymous closure>(dynamic, String)` (function entry 0x547678), instruction `//     0x5476c4: bl              #0x554734  ; StackOverflowSharedWithoutFPURegsStub`",output/blutter/asm/Yhg.dart:38,"file output/blutter/asm/Yhg.dart, class ::, function at 0x547678"
E0317,CH-11,0,L5,dart_tail_call,libapp.so,0x5476c8,"::::[closure] static String <anonymous closure>(dynamic, String)",b #0x547690,libapp.so,0x547690,Yhg_::_anon_closure_547678,inside the function blutter names at 0x547678 (add_func range),strong,"output/blutter/asm/Yhg.dart:39 inside `[closure] static String <anonymous closure>(dynamic, String)` (function entry 0x547678), instruction `// 0x5476c8: b               #0x547690`",output/blutter/asm/Yhg.dart:39,"file output/blutter/asm/Yhg.dart, class ::, function at 0x547678"
E0611,CH-11,0,L5,dart_call,libapp.so,0x547cf4,"Yx<X0,::X1? [](Yx<X0, X1>, X0)",bl #0x1ab7f4,libapp.so,0x1ab7f4,0x1ab7f4,(unresolved) no symbol in the committed dump covers this code address,candidate,"output/blutter/asm/pZf.dart:42 inside `X1? [](Yx<X0, X1>, X0)` (function entry 0x547cd8), instruction `//     0x547cf4: bl              #0x1ab7f4`",output/blutter/asm/pZf.dart:42,"file output/blutter/asm/pZf.dart, class Yx<X0,, function at 0x547cd8"
E0612,CH-11,0,L5,dart_call,libapp.so,0x547d04,"Yx<X0,::X1? [](Yx<X0, X1>, X0)",bl #0x554734  ; StackOverflowSharedWithoutFPURegsStub,libapp.so,0x554734,StackOverflowSharedWithoutFPURegsStub,blutter's inline stub comment in the same listing,proven,"output/blutter/asm/pZf.dart:49 inside `X1? [](Yx<X0, X1>, X0)` (function entry 0x547cd8), instruction `//     0x547d04: bl              #0x554734  ; StackOverflowSharedWithoutFPURegsStub`",output/blutter/asm/pZf.dart:49,"file output/blutter/asm/pZf.dart, class Yx<X0,, function at 0x547cd8"
E0613,CH-11,0,L5,dart_tail_call,libapp.so,0x547d08,"Yx<X0,::X1? [](Yx<X0, X1>, X0)",b #0x547cec,libapp.so,0x547cec,pZf_Yx::op_at_547cd8,inside the function blutter names at 0x547cd8 (add_func range),strong,"output/blutter/asm/pZf.dart:50 inside `X1? [](Yx<X0, X1>, X0)` (function entry 0x547cd8), instruction `// 0x547d08: b               #0x547cec`",output/blutter/asm/pZf.dart:50,"file output/blutter/asm/pZf.dart, class Yx<X0,, function at 0x547cd8"
E0439,CH-11,0,L5,dart_call,libapp.so,0x54b1a8,"::::[closure] static void <anonymous closure>(dynamic, List<int>)",bl #0x5548b4  ; AllocateMintSharedWithoutFPURegsStub,libapp.so,0x5548b4,AllocateMintSharedWithoutFPURegsStub,blutter's inline stub comment in the same listing,proven,"output/blutter/asm/dZf.dart:65 inside `[closure] static void <anonymous closure>(dynamic, List<int>)` (function entry 0x54b100), instruction `//     0x54b1a8: bl              #0x5548b4  ; AllocateMintSharedWithoutFPURegsStub`",output/blutter/asm/dZf.dart:65,"file output/blutter/asm/dZf.dart, class ::, function at 0x54b100"
E0440,CH-11,0,L5,dart_call,libapp.so,0x54b1d4,"::::[closure] static void <anonymous closure>(dynamic, List<int>)",bl #0x552d4c  ; WriteBarrierWrappersStub,libapp.so,0x552d4c,WriteBarrierWrappersStub,blutter's inline stub comment in the same listing,proven,"output/blutter/asm/dZf.dart:77 inside `[closure] static void <anonymous closure>(dynamic, List<int>)` (function entry 0x54b100), instruction `//     0x54b1d4: bl              #0x552d4c  ; WriteBarrierWrappersStub`",output/blutter/asm/dZf.dart:77,"file output/blutter/asm/dZf.dart, class ::, function at 0x54b100"
E0441,CH-11,0,L5,dart_call,libapp.so,0x54b234,"::::[closure] static void <anonymous closure>(dynamic, List<int>)",bl #0x18c7b4,libapp.so,0x18c7b4,0x18c7b4,(unresolved) no symbol in the committed dump covers this code address,candidate,"output/blutter/asm/dZf.dart:113 inside `[closure] static void <anonymous closure>(dynamic, List<int>)` (function entry 0x54b100), instruction `//     0x54b234: bl              #0x18c7b4`",output/blutter/asm/dZf.dart:113,"file output/blutter/asm/dZf.dart, class ::, function at 0x54b100"
E0442,CH-11,0,L5,dart_call,libapp.so,0x54b25c,"::::[closure] static void <anonymous closure>(dynamic, List<int>)",bl #0x197214  ; [dart:_internal] LateError::_throwLocalNotInitialized,libapp.so,0x197214,[dart:_internal] LateError::_throwLocalNotInitialized,blutter's inline stub comment in the same listing,proven,"output/blutter/asm/dZf.dart:128 inside `[closure] static void <anonymous closure>(dynamic, List<int>)` (function entry 0x54b100), instruction `//     0x54b25c: bl              #0x197214  ; [dart:_internal] LateError::_throwLocalNotInitialized`",output/blutter/asm/dZf.dart:128,"file output/blutter/asm/dZf.dart, class ::, function at 0x54b100"
E0443,CH-11,0,L5,dart_call,libapp.so,0x54b290,"::::[closure] static void <anonymous closure>(dynamic, List<int>)",bl #0x554734  ; StackOverflowSharedWithoutFPURegsStub,libapp.so,0x554734,StackOverflowSharedWithoutFPURegsStub,blutter's inline stub comment in the same listing,proven,"output/blutter/asm/dZf.dart:149 inside `[closure] static void <anonymous closure>(dynamic, List<int>)` (function entry 0x54b100), instruction `//     0x54b290: bl              #0x554734  ; StackOverflowSharedWithoutFPURegsStub`",output/blutter/asm/dZf.dart:149,"file output/blutter/asm/dZf.dart, class ::, function at 0x54b100"
E0444,CH-11,0,L5,dart_tail_call,libapp.so,0x54b294,"::::[closure] static void <anonymous closure>(dynamic, List<int>)",b #0x54b128,libapp.so,0x54b128,dZf_::_anon_closure_54b100,inside the function blutter names at 0x54b100 (add_func range),strong,"output/blutter/asm/dZf.dart:150 inside `[closure] static void <anonymous closure>(dynamic, List<int>)` (function entry 0x54b100), instruction `// 0x54b294: b               #0x54b128`",output/blutter/asm/dZf.dart:150,"file output/blutter/asm/dZf.dart, class ::, function at 0x54b100"
E0371,CH-11,0,L5,dart_call,libapp.so,0x54bef0,"dta::dta +(dta, dta)",bl #0x54c054  ; IsType_dta_Stub,libapp.so,0x54c054,IsType_dta_Stub,blutter's inline stub comment in the same listing,proven,"output/blutter/asm/amg.dart:380 inside `dta +(dta, dta)` (function entry 0x54bea8), instruction `//     0x54bef0: bl              #0x54c054  ; IsType_dta_Stub`",output/blutter/asm/amg.dart:380,"file output/blutter/asm/amg.dart, class dta, function at 0x54bea8"
E0372,CH-11,0,L5,dart_call,libapp.so,0x54befc,"dta::dta +(dta, dta)",bl #0x477408,libapp.so,0x477408,0x477408,(unresolved) no symbol in the committed dump covers this code address,candidate,"output/blutter/asm/amg.dart:384 inside `dta +(dta, dta)` (function entry 0x54bea8), instruction `//     0x54befc: bl              #0x477408`",output/blutter/asm/amg.dart:384,"file output/blutter/asm/amg.dart, class dta, function at 0x54bea8"
E0373,CH-11,0,L5,dart_call,libapp.so,0x54bf0c,"dta::dta +(dta, dta)",bl #0x554734  ; StackOverflowSharedWithoutFPURegsStub,libapp.so,0x554734,StackOverflowSharedWithoutFPURegsStub,blutter's inline stub comment in the same listing,proven,"output/blutter/asm/amg.dart:391 inside `dta +(dta, dta)` (function entry 0x54bea8), instruction `//     0x54bf0c: bl              #0x554734  ; StackOverflowSharedWithoutFPURegsStub`",output/blutter/asm/amg.dart:391,"file output/blutter/asm/amg.dart, class dta, function at 0x54bea8"
E0374,CH-11,0,L5,dart_tail_call,libapp.so,0x54bf10,"dta::dta +(dta, dta)",b #0x54bebc,libapp.so,0x54bebc,amg_dta::op_add_54bea8,inside the function blutter names at 0x54bea8 (add_func range),strong,"output/blutter/asm/amg.dart:392 inside `dta +(dta, dta)` (function entry 0x54bea8), instruction `// 0x54bf10: b               #0x54bebc`",output/blutter/asm/amg.dart:392,"file output/blutter/asm/amg.dart, class dta, function at 0x54bea8"
E0375,CH-11,0,L5,dart_call,libapp.so,0x54bf58,"dta::dta *(dta, double)",bl #0x47757c,libapp.so,0x47757c,0x47757c,(unresolved) no symbol in the committed dump covers this code address,candidate,"output/blutter/asm/amg.dart:408 inside `dta *(dta, double)` (function entry 0x54bf38), instruction `//     0x54bf58: bl              #0x47757c`",output/blutter/asm/amg.dart:408,"file output/blutter/asm/amg.dart, class dta, function at 0x54bf38"
E0376,CH-11,0,L5,dart_call,libapp.so,0x54bf68,"dta::dta *(dta, double)",bl #0x554734  ; StackOverflowSharedWithoutFPURegsStub,libapp.so,0x554734,StackOverflowSharedWithoutFPURegsStub,blutter's inline stub comment in the same listing,proven,"output/blutter/asm/amg.dart:415 inside `dta *(dta, double)` (function entry 0x54bf38), instruction `//     0x54bf68: bl              #0x554734  ; StackOverflowSharedWithoutFPURegsStub`",output/blutter/asm/amg.dart:415,"file output/blutter/asm/amg.dart, class dta, function at 0x54bf38"
E0377,CH-11,0,L5,dart_tail_call,libapp.so,0x54bf6c,"dta::dta *(dta, double)",b #0x54bf4c,libapp.so,0x54bf4c,amg_dta::op_mul_54bf38,inside the function blutter names at 0x54bf38 (add_func range),strong,"output/blutter/asm/amg.dart:416 inside `dta *(dta, double)` (function entry 0x54bf38), instruction `// 0x54bf6c: b               #0x54bf4c`",output/blutter/asm/amg.dart:416,"file output/blutter/asm/amg.dart, class dta, function at 0x54bf38"
E0378,CH-11,0,L5,dart_call,libapp.so,0x54bfd0,"dta::dta -(dta, dta)",bl #0x54c054  ; IsType_dta_Stub,libapp.so,0x54c054,IsType_dta_Stub,blutter's inline stub comment in the same listing,proven,"output/blutter/asm/amg.dart:448 inside `dta -(dta, dta)` (function entry 0x54bf88), instruction `//     0x54bfd0: bl              #0x54c054  ; IsType_dta_Stub`",output/blutter/asm/amg.dart:448,"file output/blutter/asm/amg.dart, class dta, function at 0x54bf88"
E0379,CH-11,0,L5,dart_call,libapp.so,0x54bfdc,"dta::dta -(dta, dta)",bl #0x4775f4,libapp.so,0x4775f4,0x4775f4,(unresolved) no symbol in the committed dump covers this code address,candidate,"output/blutter/asm/amg.dart:452 inside `dta -(dta, dta)` (function entry 0x54bf88), instruction `//     0x54bfdc: bl              #0x4775f4`",output/blutter/asm/amg.dart:452,"file output/blutter/asm/amg.dart, class dta, function at 0x54bf88"
E0380,CH-11,0,L5,dart_call,libapp.so,0x54bfec,"dta::dta -(dta, dta)",bl #0x554734  ; StackOverflowSharedWithoutFPURegsStub,libapp.so,0x554734,StackOverflowSharedWithoutFPURegsStub,blutter's inline stub comment in the same listing,proven,"output/blutter/asm/amg.dart:459 inside `dta -(dta, dta)` (function entry 0x54bf88), instruction `//     0x54bfec: bl              #0x554734  ; StackOverflowSharedWithoutFPURegsStub`",output/blutter/asm/amg.dart:459,"file output/blutter/asm/amg.dart, class dta, function at 0x54bf88"
E0381,CH-11,0,L5,dart_tail_call,libapp.so,0x54bff0,"dta::dta -(dta, dta)",b #0x54bf9c,libapp.so,0x54bf9c,amg_dta::op_sub_54bf88,inside the function blutter names at 0x54bf88 (add_func range),strong,"output/blutter/asm/amg.dart:460 inside `dta -(dta, dta)` (function entry 0x54bf88), instruction `// 0x54bff0: b               #0x54bf9c`",output/blutter/asm/amg.dart:460,"file output/blutter/asm/amg.dart, class dta, function at 0x54bf88"
E0382,CH-11,0,L5,dart_call,libapp.so,0x54c044,"dta::double [](dta, int)",bl #0x55b758  ; IsType_int_Stub,libapp.so,0x55b758,IsType_int_Stub,blutter's inline stub comment in the same listing,proven,"output/blutter/asm/amg.dart:486 inside `double [](dta, int)` (function entry 0x54c00c), instruction `//     0x54c044: bl              #0x55b758  ; IsType_int_Stub`",output/blutter/asm/amg.dart:486,"file output/blutter/asm/amg.dart, class dta, function at 0x54c00c"
E0383,CH-11,0,L5,dart_call,libapp.so,0x54c04c,"dta::double [](dta, int)",bl #0x5527dc  ; ThrowStub,libapp.so,0x5527dc,ThrowStub,blutter's inline stub comment in the same listing,proven,"output/blutter/asm/amg.dart:490 inside `double [](dta, int)` (function entry 0x54c00c), instruction `//     0x54c04c: bl              #0x5527dc  ; ThrowStub`",output/blutter/asm/amg.dart:490,"file output/blutter/asm/amg.dart, class dta, function at 0x54c00c"
E0497,CH-11,0,L5,dart_call,libapp.so,0x54d3e4,aoa<X0>::int length(aoa<X0>),bl #0x5548b4  ; AllocateMintSharedWithoutFPURegsStub,libapp.so,0x5548b4,AllocateMintSharedWithoutFPURegsStub,blutter's inline stub comment in the same listing,proven,"output/blutter/asm/jkg.dart:21 inside `int length(aoa<X0>)` (function entry 0x54d3c8), instruction `//     0x54d3e4: bl              #0x5548b4  ; AllocateMintSharedWithoutFPURegsStub`",output/blutter/asm/jkg.dart:21,"file output/blutter/asm/jkg.dart, class aoa<X0>, function at 0x54d3c8"
E0143,CH-11,0,L5,dart_call,libapp.so,0x54fc04,"_FA::double [](_FA, int)",bl #0x55b758  ; IsType_int_Stub,libapp.so,0x55b758,IsType_int_Stub,blutter's inline stub comment in the same listing,proven,"output/blutter/asm/GZf.dart:48 inside `double [](_FA, int)` (function entry 0x54fbcc), instruction `//     0x54fc04: bl              #0x55b758  ; IsType_int_Stub`",output/blutter/asm/GZf.dart:48,"file output/blutter/asm/GZf.dart, class _FA, function at 0x54fbcc"
E0144,CH-11,9,L5,dart_call,libapp.so,0x54fc7c,"_FA::double [](_FA, int)",bl #0x554b7c  ; RangeErrorSharedWithoutFPURegsStub,libapp.so,0x554b7c,RangeErrorSharedWithoutFPURegsStub,blutter's inline stub comment in the same listing,proven,"output/blutter/asm/GZf.dart:90 inside `double [](_FA, int)` (function entry 0x54fbcc), instruction `//     0x54fc7c: bl              #0x554b7c  ; RangeErrorSharedWithoutFPURegsStub`",output/blutter/asm/GZf.dart:90,"file output/blutter/asm/GZf.dart, class _FA, function at 0x54fbcc"
E0145,CH-11,0,L5,dart_call,libapp.so,0x54fc84,"_FA::double [](_FA, int)",bl #0x554584  ; AllocateDoubleStub,libapp.so,0x554584,AllocateDoubleStub,blutter's inline stub comment in the same listing,proven,"output/blutter/asm/GZf.dart:94 inside `double [](_FA, int)` (function entry 0x54fbcc), instruction `//     0x54fc84: bl              #0x554584  ; AllocateDoubleStub`",output/blutter/asm/GZf.dart:94,"file output/blutter/asm/GZf.dart, class _FA, function at 0x54fbcc"
E0146,CH-11,0,L5,dart_tail_call,libapp.so,0x54fc8c,"_FA::double [](_FA, int)",b #0x54fc6c,libapp.so,0x54fc6c,GZf__FA::op_at_54fbcc,inside the function blutter names at 0x54fbcc (add_func range),strong,"output/blutter/asm/GZf.dart:97 inside `double [](_FA, int)` (function entry 0x54fbcc), instruction `// 0x54fc8c: b               #0x54fc6c`",output/blutter/asm/GZf.dart:97,"file output/blutter/asm/GZf.dart, class _FA, function at 0x54fbcc"
E0263,CH-11,0,L5,dart_call,libapp.so,0x550464,"CS::Map<String, dynamic>? wVa(CS)",bl #0x1f5aa4,libapp.so,0x1f5aa4,0x1f5aa4,(unresolved) no symbol in the committed dump covers this code address,candidate,"output/blutter/asm/Wdg.dart:27 inside `Map<String, dynamic>? wVa(CS)` (function entry 0x55044c), instruction `//     0x550464: bl              #0x1f5aa4`",output/blutter/asm/Wdg.dart:27,"file output/blutter/asm/Wdg.dart, class CS, function at 0x55044c"
E0264,CH-11,0,L5,dart_call,libapp.so,0x550474,"CS::Map<String, dynamic>? wVa(CS)",bl #0x554734  ; StackOverflowSharedWithoutFPURegsStub,libapp.so,0x554734,StackOverflowSharedWithoutFPURegsStub,blutter's inline stub comment in the same listing,proven,"output/blutter/asm/Wdg.dart:34 inside `Map<String, dynamic>? wVa(CS)` (function entry 0x55044c), instruction `//     0x550474: bl              #0x554734  ; StackOverflowSharedWithoutFPURegsStub`",output/blutter/asm/Wdg.dart:34,"file output/blutter/asm/Wdg.dart, class CS, function at 0x55044c"
E0265,CH-11,0,L5,dart_tail_call,libapp.so,0x550478,"CS::Map<String, dynamic>? wVa(CS)",b #0x550460,libapp.so,0x550460,Wdg_CS::wVa_55044c,inside the function blutter names at 0x55044c (add_func range),strong,"output/blutter/asm/Wdg.dart:35 inside `Map<String, dynamic>? wVa(CS)` (function entry 0x55044c), instruction `// 0x550478: b               #0x550460`",output/blutter/asm/Wdg.dart:35,"file output/blutter/asm/Wdg.dart, class CS, function at 0x55044c"
E0470,CH-11,0,L5,dart_call,libapp.so,0x5572f8,"uT<X0>::[closure] Future<ByteData?> <anonymous closure>(dynamic, ByteData?) async",bl #0x519270  ; InitAsyncStub,libapp.so,0x519270,InitAsyncStub,blutter's inline stub comment in the same listing,proven,"output/blutter/asm/flutter/src/services/platform_channel.dart:58 inside `[closure] Future<ByteData?> <anonymous closure>(dynamic, ByteData?) async` (function entry 0x5572b4), instruction `//     0x5572f8: bl              #0x519270  ; InitAsyncStub`",output/blutter/asm/flutter/src/services/platform_channel.dart:58,"file output/blutter/asm/flutter/src/services/platform_channel.dart, class uT<X0>, function at 0x5572b4"
E0471,CH-11,0,L5,dart_call,libapp.so,0x55735c,"uT<X0>::[closure] Future<ByteData?> <anonymous closure>(dynamic, ByteData?) async",bl #0x518e60  ; AwaitStub,libapp.so,0x518e60,AwaitStub,blutter's inline stub comment in the same listing,proven,"output/blutter/asm/flutter/src/services/platform_channel.dart:93 inside `[closure] Future<ByteData?> <anonymous closure>(dynamic, ByteData?) async` (function entry 0x5572b4), instruction `//     0x55735c: bl              #0x518e60  ; AwaitStub`",output/blutter/asm/flutter/src/services/platform_channel.dart:93,"file output/blutter/asm/flutter/src/services/platform_channel.dart, class uT<X0>, function at 0x5572b4"
E0472,CH-11,0,L5,dart_tail_call,libapp.so,0x557384,"uT<X0>::[closure] Future<ByteData?> <anonymous closure>(dynamic, ByteData?) async",b #0x519244  ; ReturnAsyncNotFutureStub,libapp.so,0x519244,ReturnAsyncNotFutureStub,blutter's inline stub comment in the same listing,proven,"output/blutter/asm/flutter/src/services/platform_channel.dart:106 inside `[closure] Future<ByteData?> <anonymous closure>(dynamic, ByteData?) async` (function entry 0x5572b4), instruction `//     0x557384: b               #0x519244  ; ReturnAsyncNotFutureStub`",output/blutter/asm/flutter/src/services/platform_channel.dart:106,"file output/blutter/asm/flutter/src/services/platform_channel.dart, class uT<X0>, function at 0x5572b4"
E0473,CH-11,0,L5,dart_call,libapp.so,0x557388,"uT<X0>::[closure] Future<ByteData?> <anonymous closure>(dynamic, ByteData?) async",bl #0x554734  ; StackOverflowSharedWithoutFPURegsStub,libapp.so,0x554734,StackOverflowSharedWithoutFPURegsStub,blutter's inline stub comment in the same listing,proven,"output/blutter/asm/flutter/src/services/platform_channel.dart:108 inside `[closure] Future<ByteData?> <anonymous closure>(dynamic, ByteData?) async` (function entry 0x5572b4), instruction `//     0x557388: bl              #0x554734  ; StackOverflowSharedWithoutFPURegsStub`",output/blutter/asm/flutter/src/services/platform_channel.dart:108,"file output/blutter/asm/flutter/src/services/platform_channel.dart, class uT<X0>, function at 0x5572b4"
E0474,CH-11,0,L5,dart_tail_call,libapp.so,0x55738c,"uT<X0>::[closure] Future<ByteData?> <anonymous closure>(dynamic, ByteData?) async",b #0x5572f4,libapp.so,0x5572f4,flutter$src$services$platform_channel_uT::_anon_closure_5572b4,inside the function blutter names at 0x5572b4 (add_func range),strong,"output/blutter/asm/flutter/src/services/platform_channel.dart:109 inside `[closure] Future<ByteData?> <anonymous closure>(dynamic, ByteData?) async` (function entry 0x5572b4), instruction `// 0x55738c: b               #0x5572f4`",output/blutter/asm/flutter/src/services/platform_channel.dart:109,"file output/blutter/asm/flutter/src/services/platform_channel.dart, class uT<X0>, function at 0x5572b4"
E0174,CH-11,0,L5,dart_call,libapp.so,0x5573e8,_dX::[closure] Future<void> <anonymous closure>(dynamic) async,bl #0x519270  ; InitAsyncStub,libapp.so,0x519270,InitAsyncStub,blutter's inline stub comment in the same listing,proven,"output/blutter/asm/Ieg.dart:170 inside `[closure] Future<void> <anonymous closure>(dynamic) async` (function entry 0x5573b0), instruction `//     0x5573e8: bl              #0x519270  ; InitAsyncStub`",output/blutter/asm/Ieg.dart:170,"file output/blutter/asm/Ieg.dart, class _dX, function at 0x5573b0"
E0175,CH-11,0,L5,dart_call,libapp.so,0x557404,_dX::[closure] Future<void> <anonymous closure>(dynamic) async,bl #0x552678  ; InitLateFinalStaticFieldStub,libapp.so,0x552678,InitLateFinalStaticFieldStub,blutter's inline stub comment in the same listing,proven,"output/blutter/asm/Ieg.dart:178 inside `[closure] Future<void> <anonymous closure>(dynamic) async` (function entry 0x5573b0), instruction `//     0x557404: bl              #0x552678  ; InitLateFinalStaticFieldStub`",output/blutter/asm/Ieg.dart:178,"file output/blutter/asm/Ieg.dart, class _dX, function at 0x5573b0"
E0176,CH-11,0,L5,dart_call,libapp.so,0x557410,_dX::[closure] Future<void> <anonymous closure>(dynamic) async,bl #0x34bd94,libapp.so,0x34bd94,0x34bd94,(unresolved) no symbol in the committed dump covers this code address,candidate,"output/blutter/asm/Ieg.dart:183 inside `[closure] Future<void> <anonymous closure>(dynamic) async` (function entry 0x5573b0), instruction `//     0x557410: bl              #0x34bd94`",output/blutter/asm/Ieg.dart:183,"file output/blutter/asm/Ieg.dart, class _dX, function at 0x5573b0"
E0177,CH-11,0,L5,dart_call,libapp.so,0x55741c,_dX::[closure] Future<void> <anonymous closure>(dynamic) async,bl #0x518e60  ; AwaitStub,libapp.so,0x518e60,AwaitStub,blutter's inline stub comment in the same listing,proven,"output/blutter/asm/Ieg.dart:187 inside `[closure] Future<void> <anonymous closure>(dynamic) async` (function entry 0x5573b0), instruction `//     0x55741c: bl              #0x518e60  ; AwaitStub`",output/blutter/asm/Ieg.dart:187,"file output/blutter/asm/Ieg.dart, class _dX, function at 0x5573b0"
E0178,CH-11,0,L5,dart_instantiates_closure,libapp.so,0x557430,_dX::[closure] Future<void> <anonymous closure>(dynamic) async,"ldr xN, [PP, #0x3c48]",libapp.so,0x4fdc3c, closure @ 0x4fdc3c (pool slot pp+0x3c48),pool slot named in the same disassembly line,proven,"output/blutter/asm/Ieg.dart:196 `//     0x557430: ldr             x1, [PP, #0x3c48]  ; [pp+0x3c48] AnonymousClosure: (0x4fdc3c), of [dart:convert] Ie<X0, X1>`",output/blutter/asm/Ieg.dart:196,closure allocated here runs at 0x4fdc3c
E0179,CH-11,0,L5,dart_call,libapp.so,0x557434,_dX::[closure] Future<void> <anonymous closure>(dynamic) async,bl #0x553798  ; AllocateClosureTAStub,libapp.so,0x553798,AllocateClosureTAStub,blutter's inline stub comment in the same listing,proven,"output/blutter/asm/Ieg.dart:198 inside `[closure] Future<void> <anonymous closure>(dynamic) async` (function entry 0x5573b0), instruction `//     0x557434: bl              #0x553798  ; AllocateClosureTAStub`",output/blutter/asm/Ieg.dart:198,"file output/blutter/asm/Ieg.dart, class _dX, function at 0x5573b0"
E0180,CH-11,2,L5,dart_call,libapp.so,0x557450,_dX::[closure] Future<void> <anonymous closure>(dynamic) async,bl #0x5523c0  ; DefaultTypeTestStub,libapp.so,0x5523c0,DefaultTypeTestStub,blutter's inline stub comment in the same listing,proven,"output/blutter/asm/Ieg.dart:210 inside `[closure] Future<void> <anonymous closure>(dynamic) async` (function entry 0x5573b0), instruction `//     0x557450: bl              #0x5523c0  ; DefaultTypeTestStub`",output/blutter/asm/Ieg.dart:210,"file output/blutter/asm/Ieg.dart, class _dX, function at 0x5573b0"
E0181,CH-11,0,L5,dart_call,libapp.so,0x5574a8,_dX::[closure] Future<void> <anonymous closure>(dynamic) async,bl #0x34c1d8,libapp.so,0x34c1d8,0x34c1d8,(unresolved) no symbol in the committed dump covers this code address,candidate,"output/blutter/asm/Ieg.dart:241 inside `[closure] Future<void> <anonymous closure>(dynamic) async` (function entry 0x5573b0), instruction `//     0x5574a8: bl              #0x34c1d8`",output/blutter/asm/Ieg.dart:241,"file output/blutter/asm/Ieg.dart, class _dX, function at 0x5573b0"
E0182,CH-11,0,L5,dart_call,libapp.so,0x5574b4,_dX::[closure] Future<void> <anonymous closure>(dynamic) async,bl #0x518e60  ; AwaitStub,libapp.so,0x518e60,AwaitStub,blutter's inline stub comment in the same listing,proven,"output/blutter/asm/Ieg.dart:245 inside `[closure] Future<void> <anonymous closure>(dynamic) async` (function entry 0x5573b0), instruction `//     0x5574b4: bl              #0x518e60  ; AwaitStub`",output/blutter/asm/Ieg.dart:245,"file output/blutter/asm/Ieg.dart, class _dX, function at 0x5573b0"
E0183,CH-11,0,L5,dart_instantiates_closure,libapp.so,0x5574b8,_dX::[closure] Future<void> <anonymous closure>(dynamic) async,"ldr xN, [PP, #0x3c80]",libapp.so,0x4fdbb0, closure @ 0x4fdbb0 (pool slot pp+0x3c80),pool slot named in the same disassembly line,proven,"output/blutter/asm/Ieg.dart:247 `//     0x5574b8: ldr             x1, [PP, #0x3c80]  ; [pp+0x3c80] AnonymousClosure: (0x4fdbb0), of [dart:convert] Ef`",output/blutter/asm/Ieg.dart:247,closure allocated here runs at 0x4fdbb0
E0184,CH-11,10,L5,dart_call,libapp.so,0x5574c4,_dX::[closure] Future<void> <anonymous closure>(dynamic) async,bl #0x553954  ; AllocateClosureStub,libapp.so,0x553954,AllocateClosureStub,blutter's inline stub comment in the same listing,proven,"output/blutter/asm/Ieg.dart:252 inside `[closure] Future<void> <anonymous closure>(dynamic) async` (function entry 0x5573b0), instruction `//     0x5574c4: bl              #0x553954  ; AllocateClosureStub`",output/blutter/asm/Ieg.dart:252,"file output/blutter/asm/Ieg.dart, class _dX, function at 0x5573b0"
E0185,CH-11,0,L5,dart_call,libapp.so,0x5574e0,_dX::[closure] Future<void> <anonymous closure>(dynamic) async,bl #0x34c1d8,libapp.so,0x34c1d8,0x34c1d8,(unresolved) no symbol in the committed dump covers this code address,candidate,"output/blutter/asm/Ieg.dart:263 inside `[closure] Future<void> <anonymous closure>(dynamic) async` (function entry 0x5573b0), instruction `//     0x5574e0: bl              #0x34c1d8`",output/blutter/asm/Ieg.dart:263,"file output/blutter/asm/Ieg.dart, class _dX, function at 0x5573b0"
E0186,CH-11,0,L5,dart_call,libapp.so,0x5574ec,_dX::[closure] Future<void> <anonymous closure>(dynamic) async,bl #0x518e60  ; AwaitStub,libapp.so,0x518e60,AwaitStub,blutter's inline stub comment in the same listing,proven,"output/blutter/asm/Ieg.dart:267 inside `[closure] Future<void> <anonymous closure>(dynamic) async` (function entry 0x5573b0), instruction `//     0x5574ec: bl              #0x518e60  ; AwaitStub`",output/blutter/asm/Ieg.dart:267,"file output/blutter/asm/Ieg.dart, class _dX, function at 0x5573b0"
E0187,CH-11,0,L5,dart_call,libapp.so,0x557508,_dX::[closure] Future<void> <anonymous closure>(dynamic) async,bl #0x34c1d8,libapp.so,0x34c1d8,0x34c1d8,(unresolved) no symbol in the committed dump covers this code address,candidate,"output/blutter/asm/Ieg.dart:279 inside `[closure] Future<void> <anonymous closure>(dynamic) async` (function entry 0x5573b0), instruction `//     0x557508: bl              #0x34c1d8`",output/blutter/asm/Ieg.dart:279,"file output/blutter/asm/Ieg.dart, class _dX, function at 0x5573b0"
E0188,CH-11,0,L5,dart_call,libapp.so,0x557514,_dX::[closure] Future<void> <anonymous closure>(dynamic) async,bl #0x518e60  ; AwaitStub,libapp.so,0x518e60,AwaitStub,blutter's inline stub comment in the same listing,proven,"output/blutter/asm/Ieg.dart:283 inside `[closure] Future<void> <anonymous closure>(dynamic) async` (function entry 0x5573b0), instruction `//     0x557514: bl              #0x518e60  ; AwaitStub`",output/blutter/asm/Ieg.dart:283,"file output/blutter/asm/Ieg.dart, class _dX, function at 0x5573b0"
E0189,CH-11,0,L5,dart_call,libapp.so,0x557540,_dX::[closure] Future<void> <anonymous closure>(dynamic) async,bl #0x197214  ; [dart:_internal] LateError::_throwLocalNotInitialized,libapp.so,0x197214,[dart:_internal] LateError::_throwLocalNotInitialized,blutter's inline stub comment in the same listing,proven,"output/blutter/asm/Ieg.dart:299 inside `[closure] Future<void> <anonymous closure>(dynamic) async` (function entry 0x5573b0), instruction `//     0x557540: bl              #0x197214  ; [dart:_internal] LateError::_throwLocalNotInitialized`",output/blutter/asm/Ieg.dart:299,"file output/blutter/asm/Ieg.dart, class _dX, function at 0x5573b0"
E0190,CH-11,0,L5,dart_call,libapp.so,0x557588,_dX::[closure] Future<void> <anonymous closure>(dynamic) async,bl #0x5523c0  ; DefaultTypeTestStub,libapp.so,0x5523c0,DefaultTypeTestStub,blutter's inline stub comment in the same listing,proven,"output/blutter/asm/Ieg.dart:326 inside `[closure] Future<void> <anonymous closure>(dynamic) async` (function entry 0x5573b0), instruction `//     0x557588: bl              #0x5523c0  ; DefaultTypeTestStub`",output/blutter/asm/Ieg.dart:326,"file output/blutter/asm/Ieg.dart, class _dX, function at 0x5573b0"
E0191,CH-11,0,L5,dart_call,libapp.so,0x5575cc,_dX::[closure] Future<void> <anonymous closure>(dynamic) async,bl #0x197214  ; [dart:_internal] LateError::_throwLocalNotInitialized,libapp.so,0x197214,[dart:_internal] LateError::_throwLocalNotInitialized,blutter's inline stub comment in the same listing,proven,"output/blutter/asm/Ieg.dart:350 inside `[closure] Future<void> <anonymous closure>(dynamic) async` (function entry 0x5573b0), instruction `//     0x5575cc: bl              #0x197214  ; [dart:_internal] LateError::_throwLocalNotInitialized`",output/blutter/asm/Ieg.dart:350,"file output/blutter/asm/Ieg.dart, class _dX, function at 0x5573b0"
E0192,CH-11,0,L5,dart_call,libapp.so,0x5575dc,_dX::[closure] Future<void> <anonymous closure>(dynamic) async,bl #0x4237fc,libapp.so,0x4237fc,0x4237fc,(unresolved) no symbol in the committed dump covers this code address,candidate,"output/blutter/asm/Ieg.dart:357 inside `[closure] Future<void> <anonymous closure>(dynamic) async` (function entry 0x5573b0), instruction `//     0x5575dc: bl              #0x4237fc`",output/blutter/asm/Ieg.dart:357,"file output/blutter/asm/Ieg.dart, class _dX, function at 0x5573b0"
E0193,CH-11,0,L5,dart_call,libapp.so,0x5575e8,_dX::[closure] Future<void> <anonymous closure>(dynamic) async,bl #0x518e60  ; AwaitStub,libapp.so,0x518e60,AwaitStub,blutter's inline stub comment in the same listing,proven,"output/blutter/asm/Ieg.dart:361 inside `[closure] Future<void> <anonymous closure>(dynamic) async` (function entry 0x5573b0), instruction `//     0x5575e8: bl              #0x518e60  ; AwaitStub`",output/blutter/asm/Ieg.dart:361,"file output/blutter/asm/Ieg.dart, class _dX, function at 0x5573b0"
E0194,CH-11,0,L5,dart_tail_call,libapp.so,0x5575f0,_dX::[closure] Future<void> <anonymous closure>(dynamic) async,b #0x519244  ; ReturnAsyncNotFutureStub,libapp.so,0x519244,ReturnAsyncNotFutureStub,blutter's inline stub comment in the same listing,proven,"output/blutter/asm/Ieg.dart:365 inside `[closure] Future<void> <anonymous closure>(dynamic) async` (function entry 0x5573b0), instruction `//     0x5575f0: b               #0x519244  ; ReturnAsyncNotFutureStub`",output/blutter/asm/Ieg.dart:365,"file output/blutter/asm/Ieg.dart, class _dX, function at 0x5573b0"
E0195,CH-11,0,L5,dart_call,libapp.so,0x5575f4,_dX::[closure] Future<void> <anonymous closure>(dynamic) async,bl #0x554734  ; StackOverflowSharedWithoutFPURegsStub,libapp.so,0x554734,StackOverflowSharedWithoutFPURegsStub,blutter's inline stub comment in the same listing,proven,"output/blutter/asm/Ieg.dart:367 inside `[closure] Future<void> <anonymous closure>(dynamic) async` (function entry 0x5573b0), instruction `//     0x5575f4: bl              #0x554734  ; StackOverflowSharedWithoutFPURegsStub`",output/blutter/asm/Ieg.dart:367,"file output/blutter/asm/Ieg.dart, class _dX, function at 0x5573b0"
E0196,CH-11,0,L5,dart_tail_call,libapp.so,0x5575f8,_dX::[closure] Future<void> <anonymous closure>(dynamic) async,b #0x5573e4,libapp.so,0x5573e4,Ieg__dX::_anon_closure_5573b0,inside the function blutter names at 0x5573b0 (add_func range),strong,"output/blutter/asm/Ieg.dart:368 inside `[closure] Future<void> <anonymous closure>(dynamic) async` (function entry 0x5573b0), instruction `// 0x5575f8: b               #0x5573e4`",output/blutter/asm/Ieg.dart:368,"file output/blutter/asm/Ieg.dart, class _dX, function at 0x5573b0"
E0679,CH-10,2,L5,dart_instantiates_closure,libapp.so!pp,0x2cd8,object pool slot pp+0x2cd8,AnonymousClosure entry,libapp.so,0x50e170,MethodCall handler _cec (_hX) @ 0x50e170,blutter asm '** addr:' + addNames.py + pp.txt agree on the address,proven,"output/blutter/asm/Ieg.dart:468 `[closure] Future<bool> _cec(dynamic, MethodCall) {`; IDA name `Ieg__hX::_cec_50e170`; pool slot 0x2cd8",output/blutter/asm/Ieg.dart,
E0680,CH-10,3,L5,dart_instantiates_closure,libapp.so!pp,0x2ce8,object pool slot pp+0x2ce8,AnonymousClosure entry,libapp.so,0x50dad8,MethodCall handler _eec (_hX) @ 0x50dad8,blutter asm '** addr:' + addNames.py + pp.txt agree on the address,proven,"output/blutter/asm/Ieg.dart:471 `[closure] Future<dynamic> _eec(dynamic, MethodCall) {`; IDA name `Ieg__hX::_eec_50dad8`; pool slot 0x2ce8",output/blutter/asm/Ieg.dart,
E0678,CH-10,1,L5,dart_instantiates_closure,libapp.so!pp,0x3910,object pool slot pp+0x3910,AnonymousClosure entry,libapp.so,0x504300,MethodCall handler _pfc (_dX) @ 0x504300,blutter asm '** addr:' + addNames.py + pp.txt agree on the address,proven,"output/blutter/asm/Ieg.dart:379 `[closure] Future<dynamic> _pfc(dynamic, MethodCall) {`; IDA name `Ieg__dX::_pfc_504300`; pool slot 0x3910",output/blutter/asm/Ieg.dart,
E0085,CH-09,3,L6,calls_entry_point,android-runtime,,linker (dlopen of libflutter.so),call JNI_OnLoad,libflutter.so,,JNI_OnLoad,.dynsym export present (offset not recorded in F6),proven,"F6: exports 46 defined dynamic symbols, 0 Java_*, JNI_OnLoad present - so the engine binds FlutterJNI's 41 natives with RegisterNatives at load time, the same mechanism libengine.so uses for the 13 custom natives",fragments/F6_libflutter_version.txt,
E0682,CH-10,4,L6,binds_engine_symbol,libapp.so,0x1bbb9,PlatformConfigurationNativeApi::EndWarmUpFrame,snapshot string referencing an engine C++ API,libflutter.so,0x1cdd4c,PlatformConfigurationNativeApi::EndWarmUpFrame,exact byte match of the API name in both images,proven,libapp.so+0x1bbb9 <-> libflutter.so+0x1cdd4c; 11 of the 11 names the snapshot uses exist in the shipped engine,fragments/F6_libflutter_version.txt,
E0690,CH-10,5,L6,binds_engine_symbol,libapp.so,0x1c083,PlatformConfigurationNativeApi::SetNeedsReportTimings,snapshot string referencing an engine C++ API,libflutter.so,0x1baec8,PlatformConfigurationNativeApi::SetNeedsReportTimings,exact byte match of the API name in both images,proven,libapp.so+0x1c083 <-> libflutter.so+0x1baec8; 11 of the 11 names the snapshot uses exist in the shipped engine,fragments/F6_libflutter_version.txt,
E0687,CH-10,6,L6,binds_engine_symbol,libapp.so,0x1d0d7,PlatformConfigurationNativeApi::ScheduleFrame,snapshot string referencing an engine C++ API,libflutter.so,0x1cde34,PlatformConfigurationNativeApi::ScheduleFrame,exact byte match of the API name in both images,proven,libapp.so+0x1d0d7 <-> libflutter.so+0x1cde34; 11 of the 11 names the snapshot uses exist in the shipped engine,fragments/F6_libflutter_version.txt,
E0688,CH-10,7,L6,binds_engine_symbol,libapp.so,0x23e4d,PlatformConfigurationNativeApi::SendChannelUpdate,snapshot string referencing an engine C++ API,libflutter.so,0x1cbeff,PlatformConfigurationNativeApi::SendChannelUpdate,exact byte match of the API name in both images,proven,libapp.so+0x23e4d <-> libflutter.so+0x1cbeff; 11 of the 11 names the snapshot uses exist in the shipped engine,fragments/F6_libflutter_version.txt,
E0685,CH-10,8,L6,binds_engine_symbol,libapp.so,0x2cc51,PlatformConfigurationNativeApi::RequestDartPerformanceMode,snapshot string referencing an engine C++ API,libflutter.so,0x1d0278,PlatformConfigurationNativeApi::RequestDartPerformanceMode,exact byte match of the API name in both images,proven,libapp.so+0x2cc51 <-> libflutter.so+0x1d0278; 11 of the 11 names the snapshot uses exist in the shipped engine,fragments/F6_libflutter_version.txt,
E0686,CH-10,9,L6,binds_engine_symbol,libapp.so,0x3291a,PlatformConfigurationNativeApi::RespondToPlatformMessage,snapshot string referencing an engine C++ API,libflutter.so,0x1cf6ea,PlatformConfigurationNativeApi::RespondToPlatformMessage,exact byte match of the API name in both images,proven,libapp.so+0x3291a <-> libflutter.so+0x1cf6ea; 11 of the 11 names the snapshot uses exist in the shipped engine,fragments/F6_libflutter_version.txt,
E0691,CH-10,10,L6,binds_engine_symbol,libapp.so,0x32be6,PlatformConfigurationNativeApi::UpdateSemantics,snapshot string referencing an engine C++ API,libflutter.so,0x1bc97c,PlatformConfigurationNativeApi::UpdateSemantics,exact byte match of the API name in both images,proven,libapp.so+0x32be6 <-> libflutter.so+0x1bc97c; 11 of the 11 names the snapshot uses exist in the shipped engine,fragments/F6_libflutter_version.txt,
E0681,CH-10,11,L6,binds_engine_symbol,libapp.so,0x35285,PlatformConfigurationNativeApi::DefaultRouteName,snapshot string referencing an engine C++ API,libflutter.so,0x1ce1f9,PlatformConfigurationNativeApi::DefaultRouteName,exact byte match of the API name in both images,proven,libapp.so+0x35285 <-> libflutter.so+0x1ce1f9; 11 of the 11 names the snapshot uses exist in the shipped engine,fragments/F6_libflutter_version.txt,
E0683,CH-10,12,L6,binds_engine_symbol,libapp.so,0x3bc6d,PlatformConfigurationNativeApi::GetRootIsolateToken,snapshot string referencing an engine C++ API,libflutter.so,0x1c5150,PlatformConfigurationNativeApi::GetRootIsolateToken,exact byte match of the API name in both images,proven,libapp.so+0x3bc6d <-> libflutter.so+0x1c5150; 11 of the 11 names the snapshot uses exist in the shipped engine,fragments/F6_libflutter_version.txt,
E0689,CH-10,13,L6,binds_engine_symbol,libapp.so,0x404fc,PlatformConfigurationNativeApi::SendPlatformMessage,snapshot string referencing an engine C++ API,libflutter.so,0x1cf79b,PlatformConfigurationNativeApi::SendPlatformMessage,exact byte match of the API name in both images,proven,libapp.so+0x404fc <-> libflutter.so+0x1cf79b; 11 of the 11 names the snapshot uses exist in the shipped engine,fragments/F6_libflutter_version.txt,
E0684,CH-10,14,L6,binds_engine_symbol,libapp.so,0x489da,PlatformConfigurationNativeApi::Render,snapshot string referencing an engine C++ API,libflutter.so,0x1c06f1,PlatformConfigurationNativeApi::Render,exact byte match of the API name in both images,proven,libapp.so+0x489da <-> libflutter.so+0x1c06f1; 11 of the 11 names the snapshot uses exist in the shipped engine,fragments/F6_libflutter_version.txt,
